Car Name,Price,Year,Mileage,Dealer
FERRARI SF90 ASSETTO FIORANO FOR SALE,"£344,995",2021,"1,443",AMARI SUPERCARS
2024 BENTLEY BENTAYGA S BY ONYX CONCEPT,"د.إ1,525,000",2024,30,DOURADO LUXURY CAR
FERRARI DINO 246 GTS,"£499,950",1973,"18,175",JOE MACARI
FERRARI 250 GT LUSSO,POA,1963,"19,825",JOE MACARI
FERRARI 275 GTS,"£1,494,950",1965,"55,150",JOE MACARI
FERRARI PORTOFINO T V8 ULEZ,"£109,990",2019,"17,000",VAS VEHICLE SOLUTIONS LTD
FERRARI PORTOFINO,"£122,950",2020,"9,800",ROMANS INTERNATIONAL
2019 FERRARI 488 SPIDER,"£179,995",2019,"5,622",EUROPEAN PRESTIGE
FERRARI PUROSANGUE,"£339,950",2024,"1,025",JOE MACARI
FERRARI 599 GTB ULEZ,"£94,990",2010,"7,000",VAS VEHICLE SOLUTIONS LTD
FERRARI 12CILINDRI,"£379,950",2025,875,JOE MACARI
FERRARI 812 SUPERFAST FOR SALE,"£219,995",2019,"14,946",AMARI SUPERCARS
FERRARI GTC4LUSSO T V8 ULEZ,"£122,990",2019,"21,500",VAS VEHICLE SOLUTIONS LTD
FERRARI GTC4 LUSSO V12,"£199,950",2018,"14,965",ROMANS INTERNATIONAL
2014/64 FERRARI CALIFORNIA T,"£79,950",2014,"12,000",TOM HARTLEY
1972/~ FERRARI 246 DINO GTS UK SUPPLIED,"£349,950",1972,"12,000",TOM HARTLEY
FERRARI ROMA T V8 ULEZ,"£137,990",2021,"5,500",VAS VEHICLE SOLUTIONS LTD
2010/60 FERRARI 599 GTB FIORANO HGTE,"£109,950",2010,"16,000",TOM HARTLEY
1972/~ FERRARI 246 DINO GTS,POA,1972,"12,000",TOM HARTLEY
FERRARI PUROSANGUE FOR SALE,"£344,995",2024,"4,074",AMARI SUPERCARS
FERRARI PUROSANGUE FOR SALE,"£379,995",2024,"3,600",AMARI SUPERCARS
FERRARI PORTOFINO M,"£169,950",2022,"3,853",ROMANS INTERNATIONAL
FERRARI 812 GTS,POA,2021,"8,552",ROMANS INTERNATIONAL
FERRARI ROMA SPIDER,"£174,950",2023,"9,775",JOE MACARI
FERRARI 308 GTBI,"£64,990",1982,"46,700",SIMON FURLONGER
FERRARI 512BBI - LHD FOR SALE,"£249,995",1986,"19,047",AMARI SUPERCARS
FERRARI 458 SPIDER,"£179,950",2014,"12,859",ROMANS INTERNATIONAL
2019/19 FERRARI 812 SUPERFAST ATELIER SPECIFICATION,POA,2019,"13,500",TOM HARTLEY
FERRARI 360 CHALLENGE STRADALE,"£249,950",2004,"27,770",ROMANS INTERNATIONAL
2017/17 FERRARI GTC4 LUSSO V12,"£129,950",2017,"45,000",TOM HARTLEY
FERRARI PORTOFINO,POA,2020,"12,911",ROMANS INTERNATIONAL
1991 FERRARI TESTAROSSA,"£149,995",1991,"23,843",EUROPEAN PRESTIGE
FERRARI 812 COMPETIZIONE,"£995,000",2023,"2,548",ROMANS INTERNATIONAL
FERRARI ROMA SPIDER,"£194,950",2024,46,ROMANS INTERNATIONAL
2018/68 FERRARI 812 SUPERFAST,"£204,950",2018,"19,000",TOM HARTLEY
FERRARI 296 GTS,"£264,950",2024,"1,591",ROMANS INTERNATIONAL
FERRARI 488 PISTA SPIDER,"£399,950",2020,"2,315",ROMANS INTERNATIONAL
2018/67 FERRARI 812 SUPERFAST,"£189,950",2018,"28,000",TOM HARTLEY
FERRARI 488 PISTA PILOTI – 80 MILES FROM NEW,"£424,990",2019,80,SIMON FURLONGER
FERRARI ROMA,"£164,950",2023,514,ROMANS INTERNATIONAL
FERRARI 488 SPIDER,"£157,950",2017,"8,405",ROMANS INTERNATIONAL
FERRARI 812 SUPERFAST,"£219,950",2019,"9,089",ROMANS INTERNATIONAL
2004/54 FERRARI 612 SCAGLIETTI 6-SPEED MANUAL 1 OWNER,POA,2004,"13,000",TOM HARTLEY
2008/08 FERRARI 599 GTB FIORANO,"£109,950",2008,"9,500",TOM HARTLEY
FERRARI 550 FOR SALE,"£449,995",2001,"6,705",AMARI SUPERCARS
"FERRARI 355 SPIDER F1 – 5,500 MILES FROM NEW","£119,990",1998,"5,500",SIMON FURLONGER
FERRARI 250 GT PININFARINA COUPE,"£499,990",1959,0,SIMON FURLONGER
2023/23 FERRARI PORTOFINO M,"£149,950",2023,"6,500",TOM HARTLEY
2017/67 FERRARI CALIFORNIA T 70TH ANNIVERSARY 1 OF 1,"£199,950",2017,100,TOM HARTLEY
FERRARI 296 GTS,"£239,950",2023,"7,860",JOE MACARI
2024 FERRARI PUROSANGUE,"£359,995",2024,"6,107",EUROPEAN PRESTIGE
FERRARI 488 GTB,"£159,950",2017,"4,925",JOE MACARI
2021 FERRARI 812 GTS,"£299,995",2021,"5,582",EUROPEAN PRESTIGE
FERRARI SF90 SPIDER FOR SALE,"£359,995",2023,"5,250",AMARI SUPERCARS
2018/18 FERRARI 812 SUPERFAST,POA,2018,"11,000",TOM HARTLEY
FERRARI 458 SPECIALE,"£379,950",2015,"4,265",ROMANS INTERNATIONAL
2021 FERRARI 812 GTS,"£329,995",2021,"8,209",EUROPEAN PRESTIGE
FERRARI 458 SPIDER ULEZ,"£149,990",2014,"25,000",VAS VEHICLE SOLUTIONS LTD
FERRARI 488 PISTA,"£299,950",2020,"6,467",ROMANS INTERNATIONAL
FERRARI 275 GTB/4 LHD,POA,1967,"60,550",JOE MACARI
2019 FERRARI 488 PISTA,"£299,995",2019,"6,690",EUROPEAN PRESTIGE
FERRARI ROMA,"£149,950",2023,"7,511",ROMANS INTERNATIONAL
2023/23 FERRARI 296 GTB,"£209,950",2023,"1,000",TOM HARTLEY
2020/20 FERRARI PORTOFINO V8,"£124,950",2020,"12,000",TOM HARTLEY
2024/24 FERRARI PUROSANGUE V12,"£319,950",2024,"10,000",TOM HARTLEY
2022/22 FERRARI SF90 STRADALE,"£274,950",2022,"1,300",TOM HARTLEY
2024/24 FERRARI PUROSANGUE V12,"£349,950",2024,"3,500",TOM HARTLEY
2014/14 FERRARI 458 SPIDER,"£169,950",2014,"13,000",TOM HARTLEY
FERRARI 458 SPECIALE,"£369,950",2014,"6,327",ROMANS INTERNATIONAL
FERRARI 458 SPECIALE,"£389,950",2014,"1,195",TOP 555
FERRARI 575 SUPERAMERICA HGTC,"£229,950",2005,"12,625",JOE MACARI
FERRARI F12 BERLINETTA V12 ULEZ,"£149,990",2014,"17,900",VAS VEHICLE SOLUTIONS LTD
FERRARI 812 SUPERFAST,"£234,950",2019,"5,472",ROMANS INTERNATIONAL
FERRARI 812 GTS,"£284,950",2020,"7,946",ROMANS INTERNATIONAL
FERRARI 296 GTS FOR SALE,"£249,995",2023,"2,500",AMARI SUPERCARS
FERRARI PUROSANGUE,"£359,950",2024,"4,350",ROMANS INTERNATIONAL
FERRARI F8 SPIDER FOR SALE,"£259,995",2021,"1,393",AMARI SUPERCARS
FERRARI 296 GTB,"£197,950",2023,"3,942",ROMANS INTERNATIONAL
2018/18 FERRARI GTC4 LUSSO V12,"£139,950",2018,"29,000",TOM HARTLEY
FERRARI ROMA SPIDER,"£204,950",2025,49,SCUDERIA PRESTIGE
FERRARI GTC4LUSSO T V8,"£106,500",2018,"39,331",SCUDERIA PRESTIGE
FERRARI 612 SCAGLIETTI F1,"£59,995",2005,"66,748",SCUDERIA PRESTIGE
FERRARI ROMA T V8,"£134,995",2021,"14,007",SCUDERIA PRESTIGE
FERRARI ROMA T V8,"£139,500",2021,"20,510",SCUDERIA PRESTIGE
FERRARI 599 GTB,"£94,990",2011,"7,000",VAS VEHICLE SOLUTIONS LTD
FERRARI SF90 SPIDER FOR SALE,"£359,995",2022,"5,546",AMARI SUPERCARS
FERRARI 360 F1 ULEZ,"£58,990",2001,"30,500",VAS VEHICLE SOLUTIONS LTD
FERRARI 488 GTB,"£139,950",2017,"20,493",ROMANS INTERNATIONAL
FERRARI ENZO,POA,2014,845,ROMANS INTERNATIONAL
FERRARI SF90 SPIDER,POA,2022,"1,415",JOE MACARI
1999/T FERRARI 355 F1 SPIDER,"£84,950",1999,"21,500",TOM HARTLEY
FERRARI 12CILINDRI,"£394,950",2025,100,TOP 555
FERRARI SF90 SPIDER,"£434,950",2024,590,TOP 555
FERRARI 296 GTB,"£209,950",2023,"4,025",ROMANS INTERNATIONAL
FERRARI 488 SPIDER,"£156,950",2017,"14,452",ROMANS INTERNATIONAL
FERRARI 812 GTS,"£304,950",2022,"12,761",ROMANS INTERNATIONAL
FERRARI 599 SA APERTA,"£1,395,000",2013,148,ROMANS INTERNATIONAL
FERRARI 348 TS,"£99,950",1992,111,JOE MACARI
1996 FERRARI F355 SPIDER,"£134,995",1996,"29,726",EUROPEAN PRESTIGE
FERRARI F12 BERLINETTA,"£199,950",2017,"5,393",ROMANS INTERNATIONAL
FERRARI F8 TRIBUTO,"£219,950",2022,"5,903",ROMANS INTERNATIONAL
FERRARI F12 TDF,"£925,000",2017,"1,710",ROMANS INTERNATIONAL
2025 FERRARI 296 GTS,"£249,950",2025,"3,650",SUPERVETTURA
FERRARI GTC4 LUSSO T,"£109,950",2017,"35,620",TOP 555
FERRARI F12 BERLINETTA,"£181,950",2017,"5,769",ROMANS INTERNATIONAL
1973/13 FERRARI DINO 246 GTS CLASSICHE,"£349,950",1973,"42,500",TOM HARTLEY
FERRARI 296 GTB FOR SALE,"£219,500",2024,"2,211",AMARI SUPERCARS
FERRARI 488 PISTA FOR SALE,"£334,995",2021,"3,709",AMARI SUPERCARS
FERRARI 488 PISTA T V8 ULEZ,"£329,990",2019,"1,500",VAS VEHICLE SOLUTIONS LTD
FERRARI 488 SPIDER FOR SALE,"£159,995",2019,"10,382",AMARI SUPERCARS
1975/~ FERRARI DINO 246 GT,"£299,950",1975,"33,000",TOM HARTLEY
FERRARI F12 BERLINETTA,"£194,950",2017,"10,056",ROMANS INTERNATIONAL
FERRARI 550 BARCHETTA,POA,2001,"22,501",SIMON FURLONGER
1983/~ FERRARI 308 GTS QUATTROVALVOLE,"£69,950",1983,"64,000",TOM HARTLEY
1999/T FERRARI 355 SPIDER F1,"£84,950",1999,"21,500",TOM HARTLEY
FERRARI 296 GTB,"£214,950",2023,97,ROMANS INTERNATIONAL
FERRARI 458 SPIDER,"£139,950",2012,"20,100",JOE MACARI
LAMBORGHINI COUNTACH 25TH ANNIVERSARY FOR SALE,"£599,995",1989,"11,016",AMARI SUPERCARS
2021 FERRARI 812 SUPERFAST,"د.إ1,350,000",2021,"2,948",DOURADO LUXURY CAR
1989/F FERRARI 328 GTS,POA,1989,"46,000",TOM HARTLEY
2007/57 FERRARI 599 GTB,"£104,950",2007,"5,500",TOM HARTLEY
FERRARI 550 MARANELLO,"£114,990",1999,"30,000",SIMON FURLONGER
2022 FERRARI 296 GTB,"£199,995",2022,"8,314",EUROPEAN PRESTIGE
FERRARI GTC4 LUSSO V12,"£169,950",2021,"7,146",ROMANS INTERNATIONAL
2023 FERRARI 296 GTS,"£259,995",2023,"5,109",EUROPEAN PRESTIGE
FERRARI F355 CHALLENGE – RIGHT-HAND DRIVE (ROAD REGISTERED),"£179,990",1997,"32,000",SIMON FURLONGER
FERRARI 458 SPECIALE,"£384,995",2015,"4,660",THE OCTANE COLLECTION
1994/M FERRARI 348 SPIDER,"£69,950",1994,"23,000",TOM HARTLEY
2013/13 FERRARI 458 SPIDER,POA,2013,"1,400",TOM HARTLEY
2025 ROLLS ROYCE CULLINAN SERIES II,"د.إ1,950,000",2025,53,DOURADO LUXURY CAR
2023/23 FERRARI 296 GTB,"£209,950",2023,250,TOM HARTLEY
1986/C FERRARI MONDIAL 1 OWNER,"£59,950",1986,"18,000",TOM HARTLEY
FERRARI F12 TDF,"£825,000",2016,"3,682",ROMANS INTERNATIONAL
1992/K FERRARI 512 TR CLASSICHE CERTIFIED,"£259,950",1992,"15,000",TOM HARTLEY
FERRARI ROMA SPIDER,"£249,950",2024,138,ROMANS INTERNATIONAL
FERRARI SF90 SPIDER FOR SALE,"£399,995",2022,"2,503",AMARI SUPERCARS
FERRARI SF90,"£374,995",2023,380,THE OCTANE COLLECTION
2022/71 FERRARI 812 GTS,"£309,950",2022,"2,500",TOM HARTLEY
FERRARI SF90 SPIDER ASSETTO FIORANO,"£349,950",2022,"6,625",JOE MACARI
FERRARI 488 PISTA,"£304,950",2019,"4,103",ROMANS INTERNATIONAL
FERRARI ROMA SPIDER,"£224,950",2024,65,JOE MACARI
2009/09 FERRARI CALIFORNIA V8,"£54,950",2009,"41,000",TOM HARTLEY
FERRARI PORTOFINO T V8,"£122,990",2018,"8,000",VAS VEHICLE SOLUTIONS LTD
FERRARI CALIFORNIA ULEZ,"£54,990",2010,"39,500",VAS VEHICLE SOLUTIONS LTD
FERRARI 599 GTB FIORANO V12,"£94,990",2010,"13,500",VAS VEHICLE SOLUTIONS LTD
FERRARI 488 T V8 GTB ULEZ,"£147,490",2017,"15,800",VAS VEHICLE SOLUTIONS LTD
2022/72 FERRARI 812 COMPETIZIONE,"£1,100,000",2022,"2,000",TOM HARTLEY
FERRARI PUROSANGUE,"£359,950",2024,"4,344",ROMANS INTERNATIONAL
FERRARI 296 GTS FOR SALE,"£259,995",2024,"2,874",AMARI SUPERCARS
FERRARI 812 COMPETIZIONE,"£1,150,000",2022,389,ROMANS INTERNATIONAL
FERRARI FF,"£99,950",2014,"37,650",JOE MACARI
FERRARI CALIFORNIA 30,"£74,950",2013,"7,199",ROMANS INTERNATIONAL
FERRARI 488 SPIDER,"£184,950",2018,"3,938",ROMANS INTERNATIONAL
FERRARI F430 SPIDER F1,"£109,950",2008,"3,380",TOP 555
FERRARI 488 PISTA,"£314,950",2019,"1,915",ROMANS INTERNATIONAL
FERRARI 488 PISTA,"£324,950",2019,900,TOP 555
FERRARI SF90 SPIDER,"£419,950",2023,714,ROMANS INTERNATIONAL
FERRARI 599 GTB 60F1 ALONSO EDITION FOR SALE,"£299,995",2012,"4,885",AMARI SUPERCARS
1957 FERRARI 250 GT COUPE BOANO,"£950,000",1957,0,SUPERVETTURA
2024 FERRARI 812 COMPETIZIONE,"£1,250,000",2024,200,SUPERVETTURA
2000/W FERRARI 550 MARANELLO DELIVERY MILEAGE UNREGISTERED,POA,2000,80,TOM HARTLEY
1972/60 FERRARI 365 GTB/4 DAYTONA SPYDER CONVERSION,"£649,950",1972,"10,000",TOM HARTLEY
2009/09 FERRARI 430 SCUDERIA SPIDER 16M,"£394,950",2009,"4,000",TOM HARTLEY
2022/72 FERRARI 812 COMPETIZIONE,"£1,100,000",2022,"2,000",TOM HARTLEY
1975/~ FERRARI DINO 246 GT,"£299,950",1975,"33,000",TOM HARTLEY
FERRARI 488 PISTA,"£269,950",2019,"17,493",ROMANS INTERNATIONAL
FERRARI 488 SPIDER,"£179,950",2016,"4,515",JOE MACARI
FERRARI 812 SUPERFAST,"£229,950",2019,"2,000",JOE MACARI
1998/S FERRARI 355 F1 SPIDER,POA,1998,"3,400",TOM HARTLEY
2018/18 FERRARI 488 SPIDER,"£179,950",2018,"5,700",TOM HARTLEY
FERRARI 458 ITALIA,"£129,990",2012,"24,951",SIMON FURLONGER
2014/64 FERRARI CALIFORNIA T,"£84,950",2014,"7,000",TOM HARTLEY
FERRARI 360 SPIDER – MANUAL TRANSMISSION,"£69,990",2002,"16,000",SIMON FURLONGER
FERRARI 456M GT,"£89,990",2003,"14,350",SIMON FURLONGER
FERRARI 550 MARANELLO,"£89,990",1999,"40,850",SIMON FURLONGER
FERRARI 612 ‘ONE-TO-ONE’,"£104,990",2009,"7,350",SIMON FURLONGER
FERRARI 430 SCUDERIA – UK SUPPLIED,"£209,990",2007,"5,699",SIMON FURLONGER
FERRARI 365 GT 2+2 – CLASSICHE CERTIFICATION INCLUDED,"£219,990",1969,"70,000",SIMON FURLONGER
FERRARI 550 BARCHETTA – CLASSICHE CERTIFICATION,"£284,990",2001,"12,448",SIMON FURLONGER
FERRARI 365 GT4 BB – LONDON MOTOR SHOW CAR – CLASSICHE CERTIFICATION,"£339,990",1975,"43,001",SIMON FURLONGER
FERRARI DINO 246 GT,"£449,990",1972,"52,000",SIMON FURLONGER
FERRARI 365 GTB/4 ‘DAYTONA’ – CLASSICHE CERTIFICATION,"£674,990",1969,"41,300",SIMON FURLONGER
FERRARI 250 GT LUSSO – CLASSICHE CERTIFICATION,"£1,499,990",1963,0,SIMON FURLONGER
FERRARI 275 GTB – 1 OF 8 RHD WITH TORQUE TUBE – CLASSICHE CERTIFICATION,"£2,249,990",1966,"19,514",SIMON FURLONGER
FERRARI F40 – EU SUPPLIED – CLASSICHE CERTIFIED,POA,1989,"6,395",SIMON FURLONGER
FERRARI 458 ITALIA,"£129,950",2012,"16,250",JOE MACARI
FERRARI GTC4LUSSO T V8,"£125,950",2019,"13,986",SCUDERIA PRESTIGE
FERRARI ROMA T V8,"£164,500",2023,321,SCUDERIA PRESTIGE
FERRARI GTC4LUSSO T V8,"£129,950",2018,"14,962",SCUDERIA PRESTIGE
FERRARI 812 GTS V12 ULEZ,"£289,990",2020,"7,900",VAS VEHICLE SOLUTIONS LTD
FERRARI 458 SPECIALE,"£335,000",2016,"4,216",SCUDERIA PRESTIGE
FERRARI ROMA SPIDER,"£218,500",2025,49,SCUDERIA PRESTIGE
FERRARI FF V12,"£87,950",2012,"37,685",SCUDERIA PRESTIGE
FERRARI 612 SCAGLIETTI F1,"£59,995",2005,"66,748",SCUDERIA PRESTIGE
FERRARI PUROSANGUE,"£389,950",2024,"2,048",ROMANS INTERNATIONAL
FERRARI 458 SPECIALE,"£364,950",2015,"4,590",TOP 555
2005/55 FERRARI F430 SPIDER,"£79,950",2005,"20,000",TOM HARTLEY
FERRARI 458 SPIDER,"£134,950",2013,"17,620",TOP 555
FERRARI ROMA SPIDER,"£214,950",2024,"1,100",TOP 555
FERRARI 296 GTB ASSETTO FIORANO - ATELIER CAR,"£232,950",2023,"2,170",TOP 555
FERRARI 812 SUPERFAST,"£234,950",2019,"6,500",TOP 555
FERRARI 488 GTB TAILOR MADE,"£189,950",2017,"4,729",ROMANS INTERNATIONAL
2023/23 FERRARI 296 GTB VAT QUALIFYING,"£204,950",2023,"8,700",TOM HARTLEY
1995/M FERRARI 512 M,"£299,950",1995,"10,500",TOM HARTLEY
FERRARI PUROSANGUE,"£375,000",2024,"2,168",ROMANS INTERNATIONAL
FERRARI PUROSANGUE,"£374,950",2024,920,JOE MACARI
2015 FERRARI LAFERRARI,POA,2015,998,EUROPEAN PRESTIGE
FERRARI DAYTONA SP3,POA,2023,"2,500",JOE MACARI
FERRARI 12CILINDRI,"£434,950",2025,51,JOE MACARI
FERRARI LAFERRARI,POA,2014,"2,700",JOE MACARI
2019 ROLLS ROYCE CULLINAN BY ONYX CONCEPT,POA,2019,671,DOURADO LUXURY CAR
FERRARI 12CILINDRI FOR SALE,"£458,995",2025,68,AMARI SUPERCARS
FERRARI SF90 STRADALE,"£299,950",2021,"2,182",ROMANS INTERNATIONAL
FERRARI 275 GTS LHD,POA,1965,"2,350",JOE MACARI
FERRARI F8 TRIBUTO T V8,"£222,990",2021,"6,500",VAS VEHICLE SOLUTIONS LTD
FERRARI 328 GTS,"£99,950",1989,"41,500",JOE MACARI
FERRARI 488 PISTA FOR SALE,"£374,995",2018,595,AMARI SUPERCARS
FERRARI 488 GTB,"£154,950",2017,"11,984",ROMANS INTERNATIONAL
FERRARI 458 SPECIALE,"£395,000",2015,796,ROMANS INTERNATIONAL
FERRARI GTC4 LUSSO T,"£129,950",2017,"12,250",JOE MACARI
FERRARI 275 GTB 6C LHD,POA,1966,"1,175",JOE MACARI
FERRARI 365 GTB/4 DAYTONA LHD,POA,1969,"5,500",JOE MACARI
FERRARI DINO 246 GT LHD,"£394,950",1972,"40,650",JOE MACARI
FERRARI GTC4 LUSSO T,"£119,950",2018,"22,728",ROMANS INTERNATIONAL
FERRARI PORTOFINO M,"£167,950",2022,"2,388",ROMANS INTERNATIONAL
FERRARI 296 GTB,"£214,950",2024,"1,228",ROMANS INTERNATIONAL
FERRARI ROMA SPIDER,"£249,950",2024,87,ROMANS INTERNATIONAL
FERRARI 812 GTS,"£294,950",2021,"9,621",ROMANS INTERNATIONAL
FERRARI 458 SPECIALE,POA,2015,"1,735",ROMANS INTERNATIONAL
FERRARI 458 SPECIALE,POA,2015,"2,623",ROMANS INTERNATIONAL
FERRARI PUROSANGUE,POA,2024,762,ROMANS INTERNATIONAL
FERRARI PUROSANGUE,"£384,950",2024,951,ROMANS INTERNATIONAL
FERRARI F430 SCUDERIA SPIDER 16M,POA,2010,"4,531",ROMANS INTERNATIONAL
1980/~ FERRARI DINO 246 GT,"£299,950",1980,"33,000",TOM HARTLEY
FERRARI 599 GTO,"£625,000",2011,"3,078",ROMANS INTERNATIONAL
FERRARI 599 GTO,POA,2010,"2,643",ROMANS INTERNATIONAL
2003/03 FERRARI 360 MODENA 6-SPEED MANUAL 900 MILES,"£129,950",2003,900,TOM HARTLEY
FERRARI 458 SPECIALE APERTA,"£729,995",2015,"10,437",THE OCTANE COLLECTION
FERRARI F430 V8 ULEZ,"£119,990",2006,"20,000",VAS VEHICLE SOLUTIONS LTD
FERRARI 458 SPIDER ULEZ,"£139,990",2012,"18,800",VAS VEHICLE SOLUTIONS LTD
FERRARI 250 LUSSO BERLINETTA,"£1,594,995",1964,"87,960",THE OCTANE COLLECTION
FERRARI 599 GTB,"£124,995",2010,"7,125",THE OCTANE COLLECTION
FERRARI 488 SPIDER,"£184,995",2019,"1,690",THE OCTANE COLLECTION
FERRARI 512 BBI,"£249,995",1984,600,THE OCTANE COLLECTION
FERRARI 430 SPIDER F1 FOR SALE,"£110,995",2007,"10,364",AMARI SUPERCARS
FERRARI ENZO,POA,2004,"9,400",THE OCTANE COLLECTION
FERRARI 488 PISTA SPIDER,"£374,995",2020,"13,780",THE OCTANE COLLECTION
FERRARI 488 GTB FOR SALE,"£137,500",2017,"12,643",AMARI SUPERCARS
FERRARI PUROSANGUE FOR SALE,"£379,995",2024,"3,947",AMARI SUPERCARS
FERRARI 812 SUPERFAST FOR SALE,"£219,995",2019,"15,653",AMARI SUPERCARS
FERRARI 12CILINDRI FOR SALE,"£458,995",2025,158,AMARI SUPERCARS
FERRARI DINO 246 GT,"£394,950",1972,"40,650",JOE MACARI
FERRARI 458 ITALIA,"£129,950",2012,"23,915",JOE MACARI
2024 LAMBORGHINI URUS S,"د.إ1,350,000",2024,34,DOURADO LUXURY CAR
2024/74 FERRARI PUROSANGUE V12,"£379,950",2024,400,TOM HARTLEY
2024/74 FERRARI ROMA SPIDER VAT QUALIFYING,"£239,950",2024,50,TOM HARTLEY
FERRARI 365 GTC/4 LHD,"£239,950",1972,"15,000",JOE MACARI
FERRARI 365 GTB/4 DAYTONA,"£599,950",1973,"42,225",JOE MACARI
FERRARI 365 GTB/4 DAYTONA,POA,1969,"5,500",JOE MACARI
LAMBORGHINI MIURA P400,POA,1968,"8,850",JOE MACARI
"FERRARI 599 5.9L GTB F1 10,700 MILES ONLY","£89,950",2007,"10,700",SLADES GARAGE
FERRARI F355 3.5L SPIDER MANUAL RHD,"£89,950",1997,"26,000",SLADES GARAGE
FERRARI FF 6.3 V12 COUPE 3DR PETROL F1 DCT 4WD EURO 5 (S/S) (660 BHP),"£89,950",2012,"40,548",SLADES GARAGE
"FERRARI 550 5.5 MARANELLO COUPE 2DR PETROL MANUAL (558 G/KM, 485 BHP)","£94,950",1998,"36,734",SLADES GARAGE
FERRARI 550 5.5L MARANELLO RHD,"£94,950",1997,"36,000",SLADES GARAGE
FERRARI F355 3.5L BERLINETTA 2.7 SPEC RHD MANUAL,"£110,950",1994,"37,650",SLADES GARAGE
FERRARI F355 3.5L BERLINETTA MANUAL RHD,POA,1996,"44,000",SLADES GARAGE
FERRARI 458 4.5L ITALIA COUPE 2DR PETROL F1 DCT EURO 5 (570 BHP),"£129,950",2010,"14,500",SLADES GARAGE
FERRARI 488 3.9L V8 GTB COUPE 2DR PETROL F1 DCT EURO 6 (S/S) (670 PS),"£142,950",2016,"20,150",SLADES GARAGE
FERRARI GTC4LUSSO 6.3L V12 COUPE 2DR PETROL F1 DCT 4WD EURO 6 (S/S) (690 PS),"£149,950",2018,"29,280",SLADES GARAGE
FERRARI 575M 5.7L MARANELLO MANUAL 1 OF 69 UK RHD,"£169,950",2002,"26,500",SLADES GARAGE
FERRARI F355 3.5L BERLINETTA RHD MANUAL 11K CARBON RACE SEATS,"£169,950",1998,"11,000",SLADES GARAGE
FERRARI F355 3.5L BERLINETTA RHD MANUAL 7K CARBON RACE SEATS,"£169,950",1998,"7,863",SLADES GARAGE
FERRARI F12BERLINETTA 6.3L V12 COUPE 2DR PETROL F1 DCT EURO 5 (S/S) (740 PS),"£194,950",2016,"11,052",SLADES GARAGE
FERRARI 348 GT COMPETIZIONE,"£249,950",27675,"27,675",JOE MACARI
FERRARI PUROSANGUE FOR SALE,"£429,995",2024,"2,430",AMARI SUPERCARS
FERRARI F430 SCUDERIA SPIDER 16M - 1 OF 48 UK RHD FOR SALE,POA,2009,"9,230",AMARI SUPERCARS
1965 FERRARI 275 GTB ALLOY,POA,1965,0,TOM HARTLEY JNR
2024 FERRARI PUROSANGUE,"£365,000",2024,"1,417",TOM HARTLEY JNR
2022 FERRARI SF90 SPIDER ASSETTO FIORANO,"£399,500",2022,"1,415",TOM HARTLEY JNR
2016 FERRARI F12TDF,"£795,000",2016,"5,363",TOM HARTLEY JNR
1972 FERRARI DINO 246 GT,"£299,500",1972,"42,161",TOM HARTLEY JNR
LAMBORGHINI COUNTACH ANNIVERSARY FOR SALE,"£699,995",1995,"7,000",AMARI SUPERCARS
FERRARI 458 ITALIA ULEZ,"£109,990",2012,"26,000",VAS VEHICLE SOLUTIONS LTD
FERRARI 812 SUPERFAST,"£219,950",2019,"2,600",JOE MACARI
FERRARI 296 GTB FOR SALE,"£204,995",2023,"1,629",AMARI SUPERCARS
2025 ROLLS ROYCE CULLINAN SERIES II,"د.إ2,070,000",2025,37,DOURADO LUXURY CAR
FERRARI F430 SCUDERIA SPIDER 16M 1 OF 40 UK RHD FOR SALE,"£399,995",2009,"6,500",AMARI SUPERCARS
2024 LAMBORGHINI REVUELTO,"£649,995",2024,73,EUROPEAN PRESTIGE
2024 BENTLEY BENTAYGA S BY ONYX CONCEPT,"د.إ1,525,000",2024,30,DOURADO LUXURY CAR
LAMBORGHINI AVENTADOR S LP 740-4 ROADSTER,"£269,950",2019,"10,900",ROMANS INTERNATIONAL
LAMBORGHINI AVENTADOR S ROADSTER LP 740-4 FOR SALE,"£259,995",2018,"7,708",AMARI SUPERCARS
LAMBORGHINI URUS V8,"£163,990",2021,"28,000",VAS VEHICLE SOLUTIONS LTD
2016 LAMBORGHINI AVENTADOR SV,"£299,995",2016,"13,298",EUROPEAN PRESTIGE
2023/23 LAMBORGHINI HURACAN LP640-2 TECNICA,"£219,950",2023,"1,200",TOM HARTLEY
2019/69 LAMBORGHINI AVENTADOR LP770-4 SVJ 1 OWNER,"£499,950",2019,"3,500",TOM HARTLEY
2023 LAMBORGHINI URUS PERFORMANTE,"£249,995",2023,"11,832",EUROPEAN PRESTIGE
2022/22 LAMBORGHINI HURACAN LP610-2 EVO,"£194,950",2022,"4,000",TOM HARTLEY
LAMBORGHINI AVENTADOR V12 LP 700-4 ULEZ,"£174,990",2015,"30,000",VAS VEHICLE SOLUTIONS LTD
LAMBORGHINI AVENTADOR LP750-4 SV,"£289,990",2016,"15,000",VAS VEHICLE SOLUTIONS LTD
2024 LAMBORGHINI URUS PERFORMANTE,POA,2024,"1,027",EUROPEAN PRESTIGE
LAMBORGHINI AVENTADOR SVJ ROADSTER FOR SALE,POA,2020,800,AMARI SUPERCARS
2017/67 LAMBORGHINI AVENTADOR LP740-4 S,"£224,950",2017,"8,000",TOM HARTLEY
2022 LAMBORGHINI URUS,"£179,995",2022,"17,100",EUROPEAN PRESTIGE
LAMBORGHINI URUS PERFORMANTE,"£249,950",2024,"3,649",ROMANS INTERNATIONAL
LAMBORGHINI DIABLO 2WD – U.K. SUPPLIED,POA,1992,"24,550",SIMON FURLONGER
2022 LAMBORGHINI URUS,"£174,995",2022,"26,157",EUROPEAN PRESTIGE
LAMBORGHINI GALLARDO FOR SALE,"£79,995",2009,"34,434",AMARI SUPERCARS
LAMBORGHINI REVUELTO,"£489,950",2024,"1,954",ROMANS INTERNATIONAL
LAMBORGHINI ISLERO – TOTAL RESTORATION BY FURLONGER,POA,1968,"37,065",SIMON FURLONGER
LAMBORGHINI HURACAN V10 LP 640-4 PERFORMANTE ULEZ,"£199,990",2018,"13,000",VAS VEHICLE SOLUTIONS LTD
2021/71 LAMBORGHINI HURACAN EVO LP640-4 FLUO CAPSULE,"£204,950",2021,"9,800",TOM HARTLEY
LAMBORGHINI AVENTADOR SVJ LP 770-4 ROADSTER,"£624,950",2020,"3,455",ROMANS INTERNATIONAL
LAMBORGHINI AVENTADOR S LP 740-4 ROADSTER,"£274,950",2018,"9,013",ROMANS INTERNATIONAL
LAMBORGHINI URUS PERFORMANTE,"£234,950",2024,"19,198",ROMANS INTERNATIONAL
LAMBORGHINI HURACAN V10 LP 640-4 EVO ULEZ,"£179,990",2020,"9,600",VAS VEHICLE SOLUTIONS LTD
LAMBORGHINI HURACAN V10 LP 640-4 EVO ULEZ,"£179,990",2021,"17,000",VAS VEHICLE SOLUTIONS LTD
LAMBORGHINI HURACAN V10 STERRATO ULEZ,"£229,990",2023,"3,800",VAS VEHICLE SOLUTIONS LTD
LAMBORGHINI URUS PERFORMANTE FOR SALE,"£254,995",2024,"5,537",AMARI SUPERCARS
LAMBORGHINI AVENTADOR SV FOR SALE,"£314,995",2017,"3,665",AMARI SUPERCARS
LAMBORGHINI URUS,"£174,950",2020,"12,161",ROMANS INTERNATIONAL
LAMBORGHINI URUS S,"£217,950",2024,"6,054",ROMANS INTERNATIONAL
LAMBORGHINI URUS PERFORMANTE,"£269,950",2025,"2,171",ROMANS INTERNATIONAL
LAMBORGHINI HURACAN TECNICA,"£214,950",2024,"2,115",ROMANS INTERNATIONAL
2024 LAMBORGHINI REVUELTO,POA,2024,"1,985",EUROPEAN PRESTIGE
LAMBORGHINI HURACAN STO FOR SALE,"£287,995",2023,"3,470",AMARI SUPERCARS
LAMBORGHINI GALLARDO V10 LP 550-2 ULEZ,"£79,990",2011,"27,800",VAS VEHICLE SOLUTIONS LTD
AUDI R8 GT 5.2 FSI QUATTRO R-TRONIC – 1 OF 33 UK CARS,"£109,990",2011,"3,100",SIMON FURLONGER
2024 LAMBORGHINI URUS PERFORMANTE,"£254,995",2024,"7,000",EUROPEAN PRESTIGE
2016 LAMBORGHINI AVENTADOR SV ROADSTER,"£329,995",2016,"8,552",EUROPEAN PRESTIGE
2016 LAMBORGHINI AVENTADOR SV ROADSTER,"£354,995",2016,"1,438",EUROPEAN PRESTIGE
1983/A LAMBORGHINI JALPA P350,POA,1983,"41,000",TOM HARTLEY
LAMBORGHINI MURCIELAGO V12 VT ULEZ,"£259,990",2005,"56,000",VAS VEHICLE SOLUTIONS LTD
LAMBORGHINI URUS PERFORMANTE FOR SALE,"£244,750",2023,"9,272",AMARI SUPERCARS
LAMBORGHINI HURACAN V10 LP 610-4 ULEZ,"£124,990",2015,"33,500",VAS VEHICLE SOLUTIONS LTD
2018/18 LAMBORGHINI HURACAN LP640-4 PERFORMANTE,"£177,950",2018,"19,000",TOM HARTLEY
LAMBORGHINI HURACAN V10 LP 610-4 ULEZ,"£129,990",2015,"14,500",VAS VEHICLE SOLUTIONS LTD
LAMBORGHINI AVENTADOR LP700-4 ROADSTER,"£207,990",2016,"5,900",VAS VEHICLE SOLUTIONS LTD
LAMBORGHINI AVENTADOR S FOR SALE,"£209,995",2017,"17,000",AMARI SUPERCARS
LAMBORGHINI HURACAN TECNICA LP640-2 FOR SALE,POA,2023,"2,398",AMARI SUPERCARS
LAMBORGHINI GALLARDO LP560-4 COUPE,"£79,990",2009,"27,500",VAS VEHICLE SOLUTIONS LTD
LAMBORGHINI HURACAN LP 610-4 SPYDER,"£144,950",2017,"17,265",TOP 555
LAMBORGHINI URUS V8 PEARL CAPSULE,"£182,500",2021,"22,001",SCUDERIA PRESTIGE
LAMBORGHINI HURACAN V10 LP 640-4 PERFORMANTE,"£187,500",2019,"19,200",SCUDERIA PRESTIGE
LAMBORGHINI AVENTADOR LP750-4 SV ULEZ,"£299,990",2016,"7,600",VAS VEHICLE SOLUTIONS LTD
LAMBORGHINI AVENTADOR LP 740-4 S ROADSTER,"£274,950",2018,"9,013",ROMANS INTERNATIONAL
1978/~ LAMBORGHINI SILHOUETTE V8,"£149,950",1978,"31,000",TOM HARTLEY
LAMBORGHINI COUNTACH 5000 QV,"£849,990",1988,"14,350",SIMON FURLONGER
LAMBORGHINI HURACAN LP 640-4 PERFORMANTE SPYDER,"£199,950",2015,"17,156",ROMANS INTERNATIONAL
LAMBORGHINI URUS PERFORMANTE FOR SALE,"£269,995",2025,"2,000",AMARI SUPERCARS
LAMBORGHINI REVUELTO,"£529,950",2024,610,ROMANS INTERNATIONAL
2024 LAMBORGHINI REVUELTO,"£499,995",2024,629,EUROPEAN PRESTIGE
LAMBORGHINI HURACAN TECNICA,"£209,950",2023,"1,311",ROMANS INTERNATIONAL
2015/64 LAMBORGHINI HURACAN LP610-4,"£122,950",2015,"26,000",TOM HARTLEY
LAMBORGHINI HURACAN TECNICA,"£207,950",2023,"6,500",ROMANS INTERNATIONAL
LAMBORGHINI REVUELTO,"£565,000",2025,407,ROMANS INTERNATIONAL
LAMBORGHINI AVENTADOR LP740-4 S ROADSTER,"£259,990",2018,"19,000",VAS VEHICLE SOLUTIONS LTD
2025 LAMBORGHINI URUS SE,"£264,995",2025,"1,828",EUROPEAN PRESTIGE
LAMBORGHINI URUS PERFORMANTE FOR SALE,"£264,995",2025,"3,300",AMARI SUPERCARS
LAMBORGHINI REVUELTO FOR SALE,"£529,995",2024,"1,124",AMARI SUPERCARS
LAMBORGHINI COUNTACH 25TH ANNIVERSARY FOR SALE,"£599,995",1989,"11,016",AMARI SUPERCARS
2021 FERRARI 812 SUPERFAST,"د.إ1,350,000",2021,"2,948",DOURADO LUXURY CAR
LAMBORGHINI HURACAN V10 LP 640-4 PERFORMANTE ULEZ,"£184,990",2018,"10,000",VAS VEHICLE SOLUTIONS LTD
LAMBORGHINI HURACAN STO,"£264,950",2022,"9,450",TOP 555
LAMBORGHINI HURACAN LP 610-4,"£131,990",2016,"16,000",VAS VEHICLE SOLUTIONS LTD
LAMBORGHINI AVENTADOR LP700-4 ROADSTER,"£174,990",2013,"22,000",VAS VEHICLE SOLUTIONS LTD
LAMBORGHINI AVENTADOR LP700-4 ROADSTER,"£179,990",2013,"16,500",VAS VEHICLE SOLUTIONS LTD
LAMBORGHINI URUS PEARL CAPSULE FOR SALE,"£199,995",2022,"4,587",AMARI SUPERCARS
2025 ROLLS ROYCE CULLINAN SERIES II,"د.إ1,950,000",2025,53,DOURADO LUXURY CAR
1971/~ LAMBORGHINI MIURA S SV UPGRADE,"£1,999,950",1971,"6,500",TOM HARTLEY
LAMBORGHINI URUS V8 FOR SALE,"£174,995",2021,"17,500",AMARI SUPERCARS
1990/G LAMBORGHINI COUNTACH 25TH ANNIVERSARY,"£624,950",1990,"6,000",TOM HARTLEY
1990/G LAMBORGHINI COUNTACH V12 25TH ANNIVERSARY,"£624,950",1990,"8,000",TOM HARTLEY
LAMBORGHINI HURACAN LP 640-4 PERFORMANTE SPYDER,"£209,950",2018,"15,343",ROMANS INTERNATIONAL
LAMBORGHINI URUS V8 S,"£199,990",2023,"18,000",VAS VEHICLE SOLUTIONS LTD
LAMBORGHINI HURACAN V10 LP 640-4 PERFORMANTE ULEZ,"£199,990",2018,"12,500",VAS VEHICLE SOLUTIONS LTD
LAMBORGHINI GALLARDO SUPERLEGGERA ULEZ,"£114,990",2008,"31,000",VAS VEHICLE SOLUTIONS LTD
LAMBORGHINI AVENTADOR V12 LP 750-4 SUPERVELOCE ULEZ,"£334,990",2016,"6,800",VAS VEHICLE SOLUTIONS LTD
2022/72 LAMBORGHINI URUS V8,"£184,950",2022,"6,000",TOM HARTLEY
LAMBORGHINI URUS SE,"£286,950",2025,195,TOP 555
2008 LAMBORGHINI REVENTON COUPE,"£1,650,000",2008,"2,790",SUPERVETTURA
LAMBORGHINI REVUELTO,"£535,000",2024,"1,979",ROMANS INTERNATIONAL
2022/72 LAMBORGHINI HURACAN EVO LP610-2,"£169,950",2022,"4,800",TOM HARTLEY
LAMBORGHINI AVENTADOR SVJ LP 770-4 FOR SALE,"£479,995",2019,"3,479",AMARI SUPERCARS
LAMBORGHINI AVENTADOR LP700-4,"£149,990",2011,"19,711",SIMON FURLONGER
LAMBORGHINI MURCIELAGO – MANUAL TRANSMISSION,"£299,990",2003,"24,799",SIMON FURLONGER
LAMBORGHINI DIABLO VT ROADSTER – 1 OF 32 RIGHT-HAND DRIVE,"£329,990",1997,"21,749",SIMON FURLONGER
LAMBORGHINI MURCIELAGO ROADSTER,POA,2006,338,SIMON FURLONGER
LAMBORGHINI MURCIELAGO LP640 – MANUAL TRANSMISSION,POA,2006,"22,750",SIMON FURLONGER
LAMBORGHINI DIABLO SV ROADSTER,"£649,990",1998,"14,453",SIMON FURLONGER
LAMBORGHINI COUNTACH 25TH ANNIVERSARY – FACTORY SPORTS SEATS,POA,1989,"24,250",SIMON FURLONGER
LAMBORGHINI MURCIELAGO LP670-4 SV,"£699,990",2009,"14,565",SIMON FURLONGER
LAMBORGHINI COUNTACH LP400 ‘PERISCOPIO’,POA,1975,"11,918",SIMON FURLONGER
LAMBORGHINI REVUELTO V12 HPEV,"£539,500",2024,422,SCUDERIA PRESTIGE
LAMBORGHINI URUS V8,"£207,500",2021,"12,215",SCUDERIA PRESTIGE
LAMBORGHINI HURACAN V10 LP 640-4 EVO,"£179,950",2020,"9,746",SCUDERIA PRESTIGE
LAMBORGHINI URUS V8 PEARL CAPSULE,"£194,950",2021,"21,987",SCUDERIA PRESTIGE
LAMBORGHINI HURACAN V10 LP 640-4 PERFORMANTE,"£189,500",2019,"18,954",SCUDERIA PRESTIGE
LAMBORGHINI URUS PERFORMANTE V8,"£239,950",2023,"7,680",TOP 555
1989/G LAMBORGHINI COUNTACH 25TH ANNIVERSARY,"£599,950",1989,"10,000",TOM HARTLEY
2019 ROLLS ROYCE CULLINAN BY ONYX CONCEPT,POA,2019,671,DOURADO LUXURY CAR
1997/P LAMBORGHINI DIABLO VT,POA,1997,"17,000",TOM HARTLEY
LAMBORGHINI DIABLO SV,"£489,995",1997,"31,963",THE OCTANE COLLECTION
LAMBORGHINI AVENTADOR S LP 740-4 ROADSTER,"£279,950",2018,"3,538",ROMANS INTERNATIONAL
FERRARI 365 GTB/4 DAYTONA LHD,POA,1969,"5,500",JOE MACARI
LAMBORGHINI URUS,"£184,950",2022,"8,683",ROMANS INTERNATIONAL
LAMBORGHINI URUS PEARL CAPSULE,POA,2022,"2,749",ROMANS INTERNATIONAL
LAMBORGHINI URUS S,"£204,950",2023,"19,787",ROMANS INTERNATIONAL
LAMBORGHINI HURACAN LP 640-4 EVO,POA,2022,"3,400",ROMANS INTERNATIONAL
LAMBORGHINI HURACAN TECNICA,POA,2023,"1,111",ROMANS INTERNATIONAL
LAMBORGHINI URUS S,"£216,950",2023,"7,675",ROMANS INTERNATIONAL
LAMBORGHINI URUS S,"£216,950",2023,"5,230",ROMANS INTERNATIONAL
LAMBORGHINI AVENTADOR S LP 740-4,POA,2017,"7,486",ROMANS INTERNATIONAL
LAMBORGHINI URUS PERFORMANTE,"£244,950",2023,"2,507",ROMANS INTERNATIONAL
LAMBORGHINI AVENTADOR S LP 740-4 ROADSTER,"£259,950",2019,"9,237",ROMANS INTERNATIONAL
LAMBORGHINI REVUELTO,"£475,000",2024,80,ROMANS INTERNATIONAL
LAMBORGHINI URUS S 'URBAN' FOR SALE,"£239,995",2024,"16,421",AMARI SUPERCARS
LAMBORGHINI REVUELTO FOR SALE,"£498,995",2024,966,AMARI SUPERCARS
LAMBORGHINI REVUELTO FOR SALE,"£499,500",2024,"2,947",AMARI SUPERCARS
LAMBORGHINI AVENTADOR SV ROADSTER FOR SALE,"£344,995",2017,"11,347",AMARI SUPERCARS
LAMBORGHINI URUS PERFORMANTE FOR SALE,"£269,995",2025,"1,138",AMARI SUPERCARS
LAMBORGHINI REVUELTO FOR SALE,"£609,995",2025,85,AMARI SUPERCARS
LAMBORGHINI AVENTADOR V12 LP 700-4,"£184,990",2015,"11,000",VAS VEHICLE SOLUTIONS LTD
2018/18 LAMBORGHINI AVENTADOR LP740-4 S ROADSTER,"£249,950",2018,"10,000",TOM HARTLEY
2021/21 LAMBORGHINI URUS V8,"£184,950",2021,"7,000",TOM HARTLEY
LAMBORGHINI HURACAN V10 LP 640-4 PERFORMANTE ULEZ,"£208,990",2018,"15,000",VAS VEHICLE SOLUTIONS LTD
LAMBORGHINI AVENTADOR V12 LP 700-4 ULEZ,"£184,990",2013,"25,000",VAS VEHICLE SOLUTIONS LTD
LAMBORGHINI HURACAN V10 LP 640-4 PERFORMANTE,"£219,990",2018,"15,000",VAS VEHICLE SOLUTIONS LTD
2024 LAMBORGHINI URUS S,"د.إ1,350,000",2024,34,DOURADO LUXURY CAR
LAMBORGHINI URUS V8 S,"£209,990",2023,"17,500",VAS VEHICLE SOLUTIONS LTD
FERRARI 365 GTB/4 DAYTONA,POA,1969,"5,500",JOE MACARI
LAMBORGHINI DIABLO,"£599,950",1993,249,JOE MACARI
LAMBORGHINI COUNTACH 5000 QV RHD,"£774,950",1988,"9,075",JOE MACARI
LAMBORGHINI MIURA P400,POA,1968,"8,850",JOE MACARI
LAMBORGHINI REVUELTO FOR SALE,"£609,995",2025,50,AMARI SUPERCARS
LAMBORGHINI URUS PERFORMANTE FOR SALE,"£262,995",2024,"4,788",AMARI SUPERCARS
LAMBORGHINI MURCIELAGO 6.2L 6.5 V12 LP 640 COUPE 2DR PETROL EGEAR 4WD EURO 4 (640 PS),POA,2015,"22,000",SLADES GARAGE
2025 LAMBORGHINI URUS PERFORMANTE,POA,2025,0,TOM HARTLEY JNR
LAMBORGHINI COUNTACH ANNIVERSARY FOR SALE,"£699,995",1995,"7,000",AMARI SUPERCARS
LAMBORGHINI URUS V8 S FOR SALE,POA,2024,"2,142",AMARI SUPERCARS
LAMBORGHINI URUS V8 PERFORMANTE FOR SALE,"£264,995",2023,"7,786",AMARI SUPERCARS
2025 ROLLS ROYCE CULLINAN SERIES II,"د.إ2,070,000",2025,37,DOURADO LUXURY CAR
LAMBORGHINI GALLARDO LP560-4 SPYDER ULEZ,"£82,990",2010,"14,000",VAS VEHICLE SOLUTIONS LTD
LAMBORGHINI MURCIELAGO LP670-4 SV ULEZ,POA,2009,"4,950",VAS VEHICLE SOLUTIONS LTD
LAMBORGHINI URUS,"£164,950",2019,"32,425",JOE MACARI
2016/~ LAMBORGHINI AVENTADOR SV,"£289,950",2016,"3,800",TOM HARTLEY
LAMBORGHINI HURACAN V10 LP 640-4 PERFORMANTE ULEZ,"£179,990",2018,"19,500",VAS VEHICLE SOLUTIONS LTD
2024 BENTLEY BENTAYGA S ONYX CONCEPT 1 OF 5,"د.إ1,575,000",2024,66,DOURADO LUXURY CAR
LAMBORGHINI DIABLO,"£259,990",1991,"29,000",VAS VEHICLE SOLUTIONS LTD
2022 FERRARI SF90 SPIDER ASSETTO FIORANO PACKAGE,"د.إ2,308,000",2022,"1,837",DOURADO LUXURY CAR
2024 ROLLS ROYCE CULLINAN ONYX CONCEPT,"د.إ2,450,000",2024,40,DOURADO LUXURY CAR
2024 ROLLS ROYCE CULLINAN ONYX CONCEPT,"د.إ2,350,000",2024,50,DOURADO LUXURY CAR
2024 ROLLS ROYCE CULLINAN ONYX CONCEPT,"د.إ2,475,000",2024,38,DOURADO LUXURY CAR
2023 ROLLS ROYCE CULLINAN BLACK BADGE ONYX CONCEPT,"د.إ2,450,000",2023,35,DOURADO LUXURY CAR
2024 ROLLS ROYCE CULLINAN ONYX CONCEPT,"د.إ2,350,000",2024,34,DOURADO LUXURY CAR
2020 ROLLS ROYCE DAWN ONYX CONCEPT 1 OF 1,"د.إ2,700,000",2020,"3,250",DOURADO LUXURY CAR
2020 ROLLS ROYCE DAWN ONYX CONCEPT,"د.إ2,250,000",2020,"8,686",DOURADO LUXURY CAR
2022 ROLLS ROYCE DAWN ONYX CONCEPT,"د.إ2,750,000",2022,726,DOURADO LUXURY CAR
2023 ROLLS ROYCE WRAITH ONYX CONCEPT,"د.إ3,000,000",2023,111,DOURADO LUXURY CAR
2020 ROLLS ROYCE WRAITH BLACK BADGE ONYX CONCEPT,"د.إ2,150,000",2020,"9,887",DOURADO LUXURY CAR
2020 ROLLS ROYCE WRAITH ONYX CONCEPT,"د.إ2,150,000",2020,"7,535",DOURADO LUXURY CAR
2020 ROLLS ROYCE WRAITH ONYX CONCEPT 1 OF 1,"د.إ2,150,000",2020,"5,833",DOURADO LUXURY CAR
2022 ROLLS-ROYCE CULLINAN BLACK BADGE NOVITEC SPOFEC KIT,"د.إ2,050,000",2022,118,DOURADO LUXURY CAR
2022 ROLLS-ROYCE CULLINAN BLACK BADGE NOVITEC SPOFEC KIT,"د.إ2,050,000",2022,35,DOURADO LUXURY CAR
2014 ROLLS ROYCE PHANTOM EXTENDED,"د.إ950,000",2014,"10,965",DOURADO LUXURY CAR
2020 ROLLS ROYCE GHOST,"د.إ860,000",2020,"4,432",DOURADO LUXURY CAR
2019 MERCEDES-BENZ AMG GT R PRO,"د.إ740,000",2019,"4,698",DOURADO LUXURY CAR
2022 MERCEDES-BENZ AMG GT BLACK SERIES LIMITED-EDITION,"د.إ1,950,000",2022,16,DOURADO LUXURY CAR
2023 PORSCHE 911 TURBO S CABRIOLET,"د.إ1,100,000",2023,65,DOURADO LUXURY CAR
2023 PORSCHE 911 TURBO S CABRIOLET,"د.إ1,100,000",31,19,DOURADO LUXURY CAR
2023 PORSCHE CAYENNE TURBO GT COUPE,"د.إ750,000",2023,6,DOURADO LUXURY CAR
2023 PORSCHE CAYENNE TURBO GT COUPE,"د.إ730,000",2023,21,DOURADO LUXURY CAR
2019 PORSCHE 911 GT2 RS WEISSACH PACKAGE,"د.إ2,065,000",2019,66,DOURADO LUXURY CAR
2019 PORSCHE 911 GT3 RS WEISSACH RS PACKAGE,"د.إ835,000",2019,"8,641",DOURADO LUXURY CAR
2022 FERRARI 812 GTS,"د.إ2,000,000",2022,390,DOURADO LUXURY CAR
2021 LAMBORGHINI URUS CAPSULE NOVITEC EDITION,"د.إ1,380,000",2021,45,DOURADO LUXURY CAR
2023 LAMBORGHINI URUS NOVITEC EDITION,"د.إ1,350,000",2023,"2,495",DOURADO LUXURY CAR
2022 FERRARI 812 SUPERFAST 8XX BY ONYX CONCEPT 1 OF 5,"د.إ2,100,000",2022,396,DOURADO LUXURY CAR
2023 FERRARI 812 GTS 8XX BY ONYX CONCEPT,"د.إ2,550,000",2023,63,DOURADO LUXURY CAR
2023 FERRARI 296 GTB,"د.إ1,050,000",2023,"4,216",DOURADO LUXURY CAR
2022 FERRARI 812 GTS,"د.إ2,150,000",2022,518,DOURADO LUXURY CAR
2022 FERRARI 812 GTS,"د.إ2,000,000",2022,305,DOURADO LUXURY CAR
2022 FERRARI 812 GTS,"د.إ1,900,000",2022,"2,059",DOURADO LUXURY CAR
2023 FERRARI ROMA,"د.إ1,015,000",2023,43,DOURADO LUXURY CAR
2022 FERRARI ROMA,"د.إ1,015,000",2022,27,DOURADO LUXURY CAR
2020 FERRARI 488 PISTA PILOTI 1 OF 40 LIMITED-EDITION,"د.إ3,100,000",2020,685,DOURADO LUXURY CAR
2020 FERRARI 488 PISTA SPIDER,"د.إ2,050,000",2020,"8,026",DOURADO LUXURY CAR
2023 BENTLEY CONTINENTAL GTX III ATHEA BY ONYX CONCEPT 1 OF 1,"د.إ1,950,000",2023,86,DOURADO LUXURY CAR
2024 BENTLEY CONTINENTAL GTX II ONYX CONCEPT,"د.إ1,730,000",2024,41,DOURADO LUXURY CAR
2024 BENTLEY CONTINENTAL GTX II ONYX CONCEPT,"د.إ1,650,000",2024,32,DOURADO LUXURY CAR
2023 BENTLEY BENTAYGA,"د.إ1,200,000",2023,24,DOURADO LUXURY CAR
"2023 BENTLEY FLYING SPUR | EXPORT PRICE AED 1,250,000","د.إ1,250,000",2023,21,DOURADO LUXURY CAR
2023 BENTLEY CONTINENTAL GTC SPEED,"د.إ1,565,000",2023,35,DOURADO LUXURY CAR
2023 BENTLEY CONTINENTAL GTC,"د.إ1,200,000",2023,31,DOURADO LUXURY CAR
LAMBORGHINI HURACAN STO FOR SALE,"£269,950",2022,"3,100",AMARI SUPERCARS
LAMBORGHINI AVENTADOR SV LP750-4 FOR SALE,"£299,995",2016,"7,580",AMARI SUPERCARS
LAMBORGHINI HURACAN TECNICA,"£229,950",2023,330,TOM HARTLEY
LAMBORGHINI REVUELTO FOR SALE,"£539,995",2024,738,AMARI SUPERCARS
LAMBORGHINI HURACAN EVO SPYDER LP 640-4 FOR SALE,"£199,995",2021,"5,076",AMARI SUPERCARS
2018/18 LAMBORGHINI HURACAN LP640-4 PERFORMANTE,"£164,950",2018,"24,000",TOM HARTLEY
LAMBORGHINI HURACAN EVO LP 640-4 FOR SALE,"£195,995",2020,"13,488",AMARI SUPERCARS
2019/69 LAMBORGHINI URUS V8,"£174,950",2019,"27,000",TOM HARTLEY
LAMBORGHINI URUS V8,"£175,990",2021,"27,000",VAS VEHICLE SOLUTIONS LTD
LAMBORGHINI URUS PERFORMANTE FOR SALE,"£289,995",2024,256,AMARI SUPERCARS
2016/16 LAMBORGHINI AVENTADOR LP750-4 SV,"£374,950",2016,300,TOM HARTLEY
LAMBORGHINI AVENTADOR LP780-4 ULTIMAE ROADSTER FOR SALE,"£509,995",2022,"3,716",AMARI SUPERCARS
1990/G LAMBORGHINI COUNTACH V12 25TH ANNIVERSARY,"£499,950",1990,"4,800",TOM HARTLEY
FERRARI 512 BBI LHD,"£264,950",1982,"32,000",JOE MACARI
LAMBORGHINI MIURA P400 S LHD,POA,1970,"79,700",JOE MACARI
LAMBORGHINI HURACAN TECNICA FOR SALE,"£248,995",2024,43,AMARI SUPERCARS
LAMBORGHINI HURACAN V10 LP 640-4 PERFORMANTE ULEZ,"£215,990",2018,"16,000",VAS VEHICLE SOLUTIONS LTD
LAMBORGHINI HURACAN SPYDER,"£159,900",2016,"12,503",GVE LONDON
LAMBORGHINI URUS,"£199,950",2021,"10,787",ROMANS INTERNATIONAL
LAMBORGHINI HURACAN TECNICA 60TH ANNIVERSARY FOR SALE,"£394,995",2024,89,AMARI SUPERCARS
LAMBORGHINI URUS PERFORMANTE FOR SALE,"£315,995",2023,944,AMARI SUPERCARS
2015 LAMBORGHINI AVENTADOR LP750-4 SV COUPE ULEZ,"£289,950",2015,"6,499",SCUDERIA PRESTIGE
2014/64 LAMBORGHINI HURACAN LP610-4,"£124,950",2014,"23,000",TOM HARTLEY
LAMBORGHINI AVENTADOR S LP740-4 FOR SALE,"£229,995",2017,"8,051",AMARI SUPERCARS
LAMBORGHINI HURACAN STERRATO FOR SALE,"£304,995",2023,200,AMARI SUPERCARS
LAMBORGHINI AVENTADOR S FOR SALE,"£234,995",2018,"3,716",AMARI SUPERCARS
LAMBORGHINI HURACAN LP610-2 EVO RWD,"£234,950",2022,"2,779",ROMANS INTERNATIONAL
LAMBORGHINI HURACAN 5.2 V10 LP 640-4 PERFORMANTE SPYDER LDF 4WD EURO 6 2DR,"£229,990",2018,"4,759",REDLINE SPECIALIST CARS
LAMBORGHINI HURACAN LP640-2 TECNICA,"£284,950",2023,36,ROMANS INTERNATIONAL
MASERATI MC20,"£254,950",2022,155,ROMANS INTERNATIONAL
2017 LAMBORGHINI AVENTADOR LP740-4 S ULEZ,"£234,950",2017,"17,480",SCUDERIA PRESTIGE
LAMBORGHINI HURACAN STO 5.2 V10 640 STO 2DR AUTO AUTOMATIC COUPÃ© AT LAMBORGHINI TUNBRIDGE WELLS,"£319,000",2023,429,GRANGE LAMBORGHINI TUNBRIDGE WELLS
MCLAREN 570S SPIDER V8 2DR SSG AUTO SPORTS EXHAUST BOWERS AND WILKINS 3.8 AUTOMATIC CONVERTIBLE AVAILABLE FROM LAMBORGHINI TUNBRIDGE WELLS,"£121,900",2019,"3,900",GRANGE LAMBORGHINI TUNBRIDGE WELLS
LAMBORGHINI HURACAN 5.2 V10 LP 610-4 SPYDER LDF 4WD EURO 6 2DR,"£159,990",2016,"9,237",REDLINE SPECIALIST CARS
LAMBORGHINI AVENTADOR LP 780-4 ULTIMAE ISR 6.5 AUTOMATIC 2 DOOR COUPÃ© AT LAMBORGHINI TUNBRIDGE WELLS,"£465,000",2022,166,GRANGE LAMBORGHINI TUNBRIDGE WELLS
LAMBORGHINI URUS FOR SALE,"£274,995",2023,128,AMARI SUPERCARS
LAMBORGHINI AVENTADOR S ROADSTER LP 740-4 FOR SALE,"£289,995",2018,"4,512",AMARI SUPERCARS
LAMBORGHINI AVENTADOR S ROADSTER LP 740-4 FOR SALE,"£289,995",2018,"1,600",AMARI SUPERCARS
BENTLEY CONTINENTAL GTC 6.0 W12 SUPERSPORTS 2DR AUTO AUTOMATIC CONVERTIBLE AVAILABLE FROM LAMBORGHINI TUNBRIDGE WELLS,"£132,500",2019,"17,418",GRANGE LAMBORGHINI TUNBRIDGE WELLS
2019 LAMBORGHINI URUS ULEZ,"£228,995",2019,"25,008",SCUDERIA PRESTIGE
LAMBORGHINI URUS FOR SALE,"£274,995",2022,128,AMARI SUPERCARS
LAMBORGHINI URUS FOR SALE,"£219,995",2019,"36,516",AMARI SUPERCARS
2019/68 LAMBORGHINI AVENTADOR LP770-4 SVJ COUPE,"£399,950",2019,"3,500",TOM HARTLEY
LAMBORGHINI URUS FOR SALE,"£234,995",2021,"19,063",AMARI SUPERCARS
LAMBORGHINI URUS 4.0 V8 BITURBO AUTO 4WD EURO 6 5DR,"£247,950",2021,"21,802",REDLINE SPECIALIST CARS
LAMBORGHINI URUS,"£249,995",2022,"6,000",THE SUPERCAR ROOMS
MCLAREN 570S SPIDER V8 SSG BOWERS AND WILKINS 12 SPEAKER AUDIO SPORTS EXHAUST 3.8 AUTOMATIC 2 DOOR CONVERTIBLE AVAILABLE FROM LAMBORGHINI TUNBRIDGE WELLS,"£115,900",2017,"11,078",GRANGE LAMBORGHINI TUNBRIDGE WELLS
LAMBORGHINI HURACAN 5.2 V10 LP 640-2 STO LDF RWD EURO 6 2DR,"£309,950",2022,926,REDLINE SPECIALIST CARS
LAMBORGHINI URUS 4.0 V8 BITURBO AUTO 4WD EURO 6 5DR,"£221,950",2020,"18,825",REDLINE SPECIALIST CARS
LAMBORGHINI URUS,"£229,950",2020,"6,894",ROMANS INTERNATIONAL
LAMBORGHINI URUS 4.0T FSI V8 S 5DR AUTO AUTOMATIC ESTATE AT LAMBORGHINI CHELMSFORD,"£259,995",2022,"1,033",GRANGE LAMBORGHINI CHELMSFORD
LAMBORGHINI URUS 4.0T FSI V8 - 4 SEAT CONFIGURATION AUTOMATIC 5 DOOR ESTATE AT LAMBORGHINI CHELMSFORD,"£250,000",2021,"3,901",GRANGE LAMBORGHINI CHELMSFORD
LAMBORGHINI HURACAN PERFORMANTE SPYDER LP 640-4 5.2 AUTOMATIC 2 DOOR CONVERTIBLE AT LAMBORGHINI CHELMSFORD,"£214,995",2019,"18,749",GRANGE LAMBORGHINI CHELMSFORD
LAMBORGHINI HURACAN LP 610-4 FOR SALE,"£139,995",2015,"26,137",AMARI SUPERCARS
LAMBORGHINI HURACAN SPYDER LP 610-4 FOR SALE,"£149,995",2016,"22,706",AMARI SUPERCARS
LAMBORGHINI HURACAN 5.2 V10 LP 640-4 EVO SPYDER LDF 4WD EURO 6 2DR,"£204,990",2020,"12,226",REDLINE SPECIALIST CARS
LAMBORGHINI HURACAN LP 610-4 FOR SALE,"£154,995",2015,"7,953",AMARI SUPERCARS
LAMBORGHINI DIABLO 5.7 2DR,"£469,990",1993,275,REDLINE SPECIALIST CARS
LAMBORGHINI HURACAN 5.2 V10 LP 640-2 STO LDF RWD EURO 6 2DR,"£349,950",2022,85,REDLINE SPECIALIST CARS
LAMBORGHINI HURACAN EVO LP 610-2 FOR SALE,"£194,995",2020,"2,841",AMARI SUPERCARS
2021/21 LAMBORGHINI URUS V8,"£226,950",2021,"7,000",TOM HARTLEY
LAMBORGHINI AVENTADOR ROADSTER LP 700-4 FOR SALE,"£209,995",2015,"9,927",AMARI SUPERCARS
LAMBORGHINI URUS FOR SALE,"£214,995",2019,"16,677",AMARI SUPERCARS
LAMBORGHINI HURACAN PERFORMANTE FOR SALE,"£229,995",2018,"5,987",AMARI SUPERCARS
LAMBORGHINI URUS FOR SALE,"£235,995",2020,"8,771",AMARI SUPERCARS
LAMBORGHINI HURACAN 5.2 V10 LP 610-4 LDF 4WD EURO 6 2DR,"£139,950",2016,"25,989",REDLINE SPECIALIST CARS
2016 LAMBORGHINI HURACAN LP610-4 SPYDER ULEZ,"£162,500",2016,"12,223",SCUDERIA PRESTIGE
2019 LAMBORGHINI HURACAN EVO,"£194,950",2019,"5,150",SUPERVETTURA
LAMBORGHINI HURACAN 5.2 V10 LP 610-4 SPYDER LDF 4WD EURO 6 2DR,"£156,990",2016,"15,541",REDLINE SPECIALIST CARS
LAMBORGHINI URUS 4.0 V8 BITURBO AUTO 4WD EURO 6 5DR,"£222,990",2021,"17,461",REDLINE SPECIALIST CARS
LAMBORGHINI URUS FOR SALE,"£254,995",2020,"14,802",AMARI SUPERCARS
LAMBORGHINI AVENTADOR 6.5 V12 LP 740-4 S ISR 4WD EURO 6 2DR,"£234,950",2017,"14,425",REDLINE SPECIALIST CARS
LAMBORGHINI AVENTADOR S LP 740-4 FOR SALE,"£254,995",2017,"4,980",AMARI SUPERCARS
2018 LAMBORGHINI HURACAN LP640-4 PERFORMANTE SPYDER,"£239,950",2018,"7,731",SCUDERIA PRESTIGE
2022 LAMBORGHINI HURACAN LP 610-2 EVO SPYDER,"£250,995",2022,651,SCUDERIA PRESTIGE
MCLAREN 720S SPIDER V8 SSG MSO ABYSS BLACK PAINT CARBON INTERIOR 1 AND 2 AND VENTS EXTERIOR CARBON 4.0 AUTOMATIC 2 DOOR CONVERTIBLE AVAILABLE FROM LAMBORGHINI TUNBRIDGE WELLS,"£182,900",2019,"12,550",GRANGE LAMBORGHINI TUNBRIDGE WELLS
BENTLEY CONTINENTAL GT 4.0 V8 - MULLINER DRIVING SPECIFICATION AUTOMATIC 2 DOOR COUPÃ© AVAILABLE FROM LAMBORGHINI TUNBRIDGE WELLS,"£169,000",2021,"4,470",GRANGE LAMBORGHINI TUNBRIDGE WELLS
BENTLEY CONTINENTAL GTC 6.0 W12 - MULLINER DRIVING SPECIFICATION AUTOMATIC 2 DOOR CONVERTIBLE AVAILABLE FROM LAMBORGHINI TUNBRIDGE WELLS,"£159,995",2020,"9,179",GRANGE LAMBORGHINI TUNBRIDGE WELLS
MCLAREN GT V8 SSG PANORAMIC PRIVACY GLASS ROOF SPORTS EXHAUST 4.0 AUTOMATIC 2 DOOR COUPÃ© AVAILABLE FROM LAMBORGHINI TUNBRIDGE WELLS,"£159,900",2022,"1,950",GRANGE LAMBORGHINI TUNBRIDGE WELLS
"MCLAREN 720S V8 2DR SSG SPORTS EXHAUST, CARBON FRONT AIR INTAKES, CARBON INT PACKS 1 AND 2 4.0 AUTOMATIC COUPÃ© AVAILABLE FROM LAMBORGHINI TUNBRIDGE WELLS","£145,900",2018,"9,650",GRANGE LAMBORGHINI TUNBRIDGE WELLS
BENTLEY CONTINENTAL GT 6.0 W12 - MULLINER DRIVING SPECIFICATION AUTOMATIC 2 DOOR COUPÃ© AVAILABLE FROM LAMBORGHINI TUNBRIDGE WELLS,"£128,950",2018,"28,690",GRANGE LAMBORGHINI TUNBRIDGE WELLS
BENTLEY CONTINENTAL GT 6.0 W12 - MULLINER DRIVING SPECIFICATION WITH BLACK AND POLISHED EDGE ALLOY WHEELS AUTOMATIC 2 DOOR COUPÃ© AVAILABLE FROM LAMBORGHINI TUNBRIDGE WELLS,"£118,990",2018,"39,000",GRANGE LAMBORGHINI TUNBRIDGE WELLS
2024 BENTLEY BENTAYGA S BY ONYX CONCEPT,"د.إ1,525,000",2024,30,DOURADO LUXURY CAR
2018 PORSCHE 911 (991.2) GT2 RS WEISSACH,"£309,995",2018,"6,050",EUROPEAN PRESTIGE
FERRARI DINO 246 GTS,"£499,950",1973,"18,175",JOE MACARI
2024 PORSCHE 911 (992.1) GT3 RS WEISSACH,"£259,995",2024,"2,722",EUROPEAN PRESTIGE
2006 PORSCHE CARRERA GT,"£1,600,000",2006,"3,395",EUROPEAN PRESTIGE
2021 PORSCHE 911 (992.1) GT3,"£164,995",2021,"4,338",EUROPEAN PRESTIGE
2010/10 PORSCHE 911 997.2 GT3 RS,"£219,950",2010,"17,500",TOM HARTLEY
PORSCHE 911 GT3 RS (992),"£229,950",2023,"2,240",ROMANS INTERNATIONAL
PORSCHE 911 S/T,"£389,950",2025,724,ROMANS INTERNATIONAL
PORSCHE 911 992 GT3 TOURING ULEZ,"£164,990",2022,"7,900",VAS VEHICLE SOLUTIONS LTD
PORSCHE 911 (991.2) GT3 RS – WEISSACH PACKAGE – PORSCHE WARRANTY 09/27,"£174,990",2018,"12,100",SIMON FURLONGER
PORSCHE 911 992 GT3 RS WEISSACH FOR SALE,"£249,995",2024,"2,151",AMARI SUPERCARS
2022/72 PORSCHE 911 (992) GT3 TOURING,"£164,950",2022,"6,000",TOM HARTLEY
PORSCHE 911 GT3 TOURING (992),"£184,950",2024,"2,480",ROMANS INTERNATIONAL
PORSCHE 911 GT3 RS (992),"£224,950",2023,"3,559",ROMANS INTERNATIONAL
2024 PORSCHE 911 (992.1) GT3 RS WEISSACH,"£254,995",2024,"4,009",EUROPEAN PRESTIGE
2018/18 PORSCHE 911 GT2 RS WEISSACH PACKAGE,"£289,950",2018,"14,000",TOM HARTLEY
PORSCHE 911 (997) GT3 RS 4L,POA,2011,"14,036",THE OCTANE COLLECTION
PORSCHE 911 GT3 TOURING (992),"£179,950",2022,"4,363",ROMANS INTERNATIONAL
PORSCHE 911 GT3 TOURING (992.2),"£254,950",2025,29,ROMANS INTERNATIONAL
PORSCHE 1968 SWB PORSCHE 911 CARRERA RINDT RSR EVOCATION FOR SALE,"£249,995",1968,138,AMARI SUPERCARS
2015 PORSCHE 918 SPYDER WEISSACH,"£1,750,000",2015,24,EUROPEAN PRESTIGE
2004 PORSCHE CARRERA GT,"£1,490,000",2004,"4,512",EUROPEAN PRESTIGE
PORSCHE 911 991 GT3 ULEZ,"£119,990",2017,"28,900",VAS VEHICLE SOLUTIONS LTD
PORSCHE 911 991 GT3 ULEZ,"£121,990",2017,"19,800",VAS VEHICLE SOLUTIONS LTD
PORSCHE 9M 911,"£229,995",1982,"10,052",THE OCTANE COLLECTION
PORSCHE 911 GT3 (992),"£147,950",2021,"11,438",ROMANS INTERNATIONAL
PORSCHE 911 GT3 (991.2),"£129,950",2018,"5,338",ROMANS INTERNATIONAL
2024 PORSCHE 911 (992) S/T,"£399,995",2024,901,EUROPEAN PRESTIGE
PORSCHE 911 GT3 TOURING (992),"£179,950",2022,"7,450",ROMANS INTERNATIONAL
PORSCHE 911 RSR IROC,POA,1973,"22,900",THE OCTANE COLLECTION
PORSCHE 911 GT3 RS (992),"£277,950",2023,636,ROMANS INTERNATIONAL
PORSCHE 911 GT3 (992),"£176,950",2024,"5,861",ROMANS INTERNATIONAL
PORSCHE 911 GT3 TOURING (992),"£172,950",2022,"4,153",ROMANS INTERNATIONAL
2017/67 PORSCHE 911 930 TURBO 3.0,POA,2017,"88,500",TOM HARTLEY
PORSCHE 911 GT3 TOURING (992),"£172,950",2022,"5,244",ROMANS INTERNATIONAL
PORSCHE 911 (991.2) GT3 CLUBSPORT 4.0 PDK,"£124,950",2017,"18,430",TOP 555
PORSCHE 911 GT2,"£99,950",2003,"40,160",TOP 555
2021 FERRARI 812 SUPERFAST,"د.إ1,350,000",2021,"2,948",DOURADO LUXURY CAR
PORSCHE 911 991.2 GT3 TOURING MANUAL FOR SALE,"£179,995",2018,"1,095",AMARI SUPERCARS
2025 ROLLS ROYCE CULLINAN SERIES II,"د.إ1,950,000",2025,53,DOURADO LUXURY CAR
PORSCHE 911 GT3 RS (992),"£289,950",2025,98,ROMANS INTERNATIONAL
PORSCHE 911 GT2,"£149,990",2008,"24,000",VAS VEHICLE SOLUTIONS LTD
1960/~ PORSCHE 356B T5 1600 SUPER 90,"£199,950",1960,"28,500",TOM HARTLEY
PORSCHE 911 SPEEDSTER ULEZ,"£262,990",2019,"1,500",VAS VEHICLE SOLUTIONS LTD
PORSCHE 911 S/T,POA,2024,306,ROMANS INTERNATIONAL
PORSCHE 911 996 GT3 RS,"£169,990",2004,"33,000",VAS VEHICLE SOLUTIONS LTD
2010 PORSCHE 911 (997.2) GT3 RS,"£209,995",2010,"18,508",EUROPEAN PRESTIGE
2018 PORSCHE 911 GT2 RS (991),"£304,950",2018,"7,500",SUPERVETTURA
PORSCHE 911 TARGA,"£249,995",1983,540,THE OCTANE COLLECTION
PORSCHE 993 GT2,POA,1995,"74,900",TOP 555
PORSCHE 911 SPORT CLASSIC,"£295,000",2023,695,ROMANS INTERNATIONAL
PORSCHE 911 (997.2) GT3 RS,"£224,995",2010,"15,991",THE OCTANE COLLECTION
PORSCHE 911 (992) GT3 RS – WEISSACH PACKAGE,"£289,990",2024,270,SIMON FURLONGER
FERRARI DINO 246 GT,"£449,990",1972,"52,000",SIMON FURLONGER
PORSCHE CARRERA GT – UK SUPPLIED,"£1,499,990",2005,"7,460",SIMON FURLONGER
BUGATTI EB110 SUPERSPORT PROTOTYPE,POA,1993,"7,850",SIMON FURLONGER
PORSCHE 911 S/T,"£419,950",2025,40,ROMANS INTERNATIONAL
PORSCHE CARRERA GT,"£1,399,995",2004,"18,502",THE OCTANE COLLECTION
PORSCHE 911 (930) TURBO CABRIOLET 3.3,"£119,950",1988,"1,09,700",TOP 555
PORSCHE 911 (991.2) GT3 CLUBSPORT 4.0 PDK,"£147,950",2017,798,TOP 555
PORSCHE 911 SPEEDSTER 4.0 - MANUAL ( CAR NUMBER 1498 OF 1948 EVER PRODUCED),"£264,950",2019,"1,950",TOP 555
PORSCHE 911 GT3 (991.2),"£114,950",2017,"13,373",ROMANS INTERNATIONAL
PORSCHE 911 GT3 (992),"£154,950",2022,"3,851",ROMANS INTERNATIONAL
2022 PORSCHE 911 (992) GT3,"£149,995",2022,"8,141",EUROPEAN PRESTIGE
2019 ROLLS ROYCE CULLINAN BY ONYX CONCEPT,POA,2019,671,DOURADO LUXURY CAR
FERRARI DINO 246 GT LHD,"£394,950",1972,"40,650",JOE MACARI
PORSCHE 911 GT3 TOURING (992),"£164,950",2022,"1,465",ROMANS INTERNATIONAL
PORSCHE 911 GT3 RS (992),"£264,950",2023,"5,544",ROMANS INTERNATIONAL
PORSCHE 911 RSR TRIBUTE,"£199,995",1978,"6,982",THE OCTANE COLLECTION
PORSCHE 911 (991.2) GT3 RS,"£189,995",2019,"6,750",THE OCTANE COLLECTION
PORSCHE 911 (991.2) GT3 CS,"£124,995",2017,"11,335",THE OCTANE COLLECTION
PORSCHE 911 992 GT3 RS FOR SALE,"£285,995",2023,771,AMARI SUPERCARS
PORSCHE 911 (997) GT3 RS 4L,"£449,995",2011,"4,630",THE OCTANE COLLECTION
FERRARI DINO 246 GT,"£394,950",1972,"40,650",JOE MACARI
PORSCHE 911R BY EB MOTORSPORT,"£224,950",1967,"4,200",JOE MACARI
2016 PORSCHE 911 (991) GT3 RS,"£144,995",2016,"4,235",EUROPEAN PRESTIGE
2024 LAMBORGHINI URUS S,"د.إ1,350,000",2024,34,DOURADO LUXURY CAR
2014 PORSCHE 911 (991) GT3,"£87,995",2014,"25,163",EUROPEAN PRESTIGE
PORSCHE 911 991.2 GT2 RS WEISSACH FOR SALE,"£324,995",2018,"2,868",AMARI SUPERCARS
PORSCHE S 356 FOR SALE,POA,1962,"75,831",AMARI SUPERCARS
PORSCHE 911 RINDT DESIGN 3.2 LITRE CARRERA CLASSIC COUPE,"£199,950",1974,"1,000",SLADES GARAGE
1990 PORSCHE 911 TARGA REIMAGINED BY SINGER,"£995,000",1990,"5,330",TOM HARTLEY JNR
2006 PORSCHE CARRERA GT,POA,2006,"4,794",TOM HARTLEY JNR
1955 PORSCHE 356 PRE-A SUPER SPEEDSTER,POA,1955,0,TOM HARTLEY JNR
2025 ROLLS ROYCE CULLINAN SERIES II,"د.إ2,070,000",2025,37,DOURADO LUXURY CAR
2024 BENTLEY BENTAYGA S ONYX CONCEPT 1 OF 5,"د.إ1,575,000",2024,66,DOURADO LUXURY CAR
2022 FERRARI SF90 SPIDER ASSETTO FIORANO PACKAGE,"د.إ2,308,000",2022,"1,837",DOURADO LUXURY CAR
1989/G PORSCHE 911 9M11S BY NINEMEISTER,"£269,950",1989,"1,600",TOM HARTLEY
2024 ROLLS ROYCE CULLINAN ONYX CONCEPT,"د.إ2,450,000",2024,40,DOURADO LUXURY CAR
2024 ROLLS ROYCE CULLINAN ONYX CONCEPT,"د.إ2,350,000",2024,50,DOURADO LUXURY CAR
2024 ROLLS ROYCE CULLINAN ONYX CONCEPT,"د.إ2,475,000",2024,38,DOURADO LUXURY CAR
2023 ROLLS ROYCE CULLINAN BLACK BADGE ONYX CONCEPT,"د.إ2,450,000",2023,35,DOURADO LUXURY CAR
2024 ROLLS ROYCE CULLINAN ONYX CONCEPT,"د.إ2,350,000",2024,34,DOURADO LUXURY CAR
2020 ROLLS ROYCE DAWN ONYX CONCEPT 1 OF 1,"د.إ2,700,000",2020,"3,250",DOURADO LUXURY CAR
2020 ROLLS ROYCE DAWN ONYX CONCEPT,"د.إ2,250,000",2020,"8,686",DOURADO LUXURY CAR
2022 ROLLS ROYCE DAWN ONYX CONCEPT,"د.إ2,750,000",2022,726,DOURADO LUXURY CAR
2023 ROLLS ROYCE WRAITH ONYX CONCEPT,"د.إ3,000,000",2023,111,DOURADO LUXURY CAR
2020 ROLLS ROYCE WRAITH BLACK BADGE ONYX CONCEPT,"د.إ2,150,000",2020,"9,887",DOURADO LUXURY CAR
2020 ROLLS ROYCE WRAITH ONYX CONCEPT,"د.إ2,150,000",2020,"7,535",DOURADO LUXURY CAR
2020 ROLLS ROYCE WRAITH ONYX CONCEPT 1 OF 1,"د.إ2,150,000",2020,"5,833",DOURADO LUXURY CAR
2022 ROLLS-ROYCE CULLINAN BLACK BADGE NOVITEC SPOFEC KIT,"د.إ2,050,000",2022,118,DOURADO LUXURY CAR
2022 ROLLS-ROYCE CULLINAN BLACK BADGE NOVITEC SPOFEC KIT,"د.إ2,050,000",2022,35,DOURADO LUXURY CAR
2014 ROLLS ROYCE PHANTOM EXTENDED,"د.إ950,000",2014,"10,965",DOURADO LUXURY CAR
2020 ROLLS ROYCE GHOST,"د.إ860,000",2020,"4,432",DOURADO LUXURY CAR
2019 MERCEDES-BENZ AMG GT R PRO,"د.إ740,000",2019,"4,698",DOURADO LUXURY CAR
2022 MERCEDES-BENZ AMG GT BLACK SERIES LIMITED-EDITION,"د.إ1,950,000",2022,16,DOURADO LUXURY CAR
2023 PORSCHE 911 TURBO S CABRIOLET,"د.إ1,100,000",2023,65,DOURADO LUXURY CAR
2023 PORSCHE 911 TURBO S CABRIOLET,"د.إ1,100,000",31,19,DOURADO LUXURY CAR
2023 PORSCHE CAYENNE TURBO GT COUPE,"د.إ750,000",2023,6,DOURADO LUXURY CAR
2023 PORSCHE CAYENNE TURBO GT COUPE,"د.إ730,000",2023,21,DOURADO LUXURY CAR
2019 PORSCHE 911 GT2 RS WEISSACH PACKAGE,"د.إ2,065,000",2019,66,DOURADO LUXURY CAR
2019 PORSCHE 911 GT3 RS WEISSACH RS PACKAGE,"د.إ835,000",2019,"8,641",DOURADO LUXURY CAR
2022 FERRARI 812 GTS,"د.إ2,000,000",2022,390,DOURADO LUXURY CAR
2021 LAMBORGHINI URUS CAPSULE NOVITEC EDITION,"د.إ1,380,000",2021,45,DOURADO LUXURY CAR
2023 LAMBORGHINI URUS NOVITEC EDITION,"د.إ1,350,000",2023,"2,495",DOURADO LUXURY CAR
2022 FERRARI 812 SUPERFAST 8XX BY ONYX CONCEPT 1 OF 5,"د.إ2,100,000",2022,396,DOURADO LUXURY CAR
2023 FERRARI 812 GTS 8XX BY ONYX CONCEPT,"د.إ2,550,000",2023,63,DOURADO LUXURY CAR
2023 FERRARI 296 GTB,"د.إ1,050,000",2023,"4,216",DOURADO LUXURY CAR
2022 FERRARI 812 GTS,"د.إ2,150,000",2022,518,DOURADO LUXURY CAR
2022 FERRARI 812 GTS,"د.إ2,000,000",2022,305,DOURADO LUXURY CAR
2022 FERRARI 812 GTS,"د.إ1,900,000",2022,"2,059",DOURADO LUXURY CAR
2023 FERRARI ROMA,"د.إ1,015,000",2023,43,DOURADO LUXURY CAR
2022 FERRARI ROMA,"د.إ1,015,000",2022,27,DOURADO LUXURY CAR
2020 FERRARI 488 PISTA PILOTI 1 OF 40 LIMITED-EDITION,"د.إ3,100,000",2020,685,DOURADO LUXURY CAR
2020 FERRARI 488 PISTA SPIDER,"د.إ2,050,000",2020,"8,026",DOURADO LUXURY CAR
2023 BENTLEY CONTINENTAL GTX III ATHEA BY ONYX CONCEPT 1 OF 1,"د.إ1,950,000",2023,86,DOURADO LUXURY CAR
2024 BENTLEY CONTINENTAL GTX II ONYX CONCEPT,"د.إ1,730,000",2024,41,DOURADO LUXURY CAR
2024 BENTLEY CONTINENTAL GTX II ONYX CONCEPT,"د.إ1,650,000",2024,32,DOURADO LUXURY CAR
2023 BENTLEY BENTAYGA,"د.إ1,200,000",2023,24,DOURADO LUXURY CAR
"2023 BENTLEY FLYING SPUR | EXPORT PRICE AED 1,250,000","د.إ1,250,000",2023,21,DOURADO LUXURY CAR
2023 BENTLEY CONTINENTAL GTC SPEED,"د.إ1,565,000",2023,35,DOURADO LUXURY CAR
2023 BENTLEY CONTINENTAL GTC,"د.إ1,200,000",2023,31,DOURADO LUXURY CAR
2018/67 PORSCHE 911 GT3 RS,"£164,950",2018,"12,000",TOM HARTLEY
PORSCHE 911 992 GT3 FOR SALE,"£157,995",2022,"10,478",AMARI SUPERCARS
2022/72 PORSCHE 911 GT3 TOURING (992),"£174,950",2022,"3,700",TOM HARTLEY
2017/67 PORSCHE 911 GT3 CLUBSPORT,"£124,950",2017,"9,800",TOM HARTLEY
PORSCHE 911 992 GT3 ULEZ,"£179,990",2023,600,VAS VEHICLE SOLUTIONS LTD
PORSCHE 911 992 GT3 RS FOR SALE,"£334,995",2023,467,AMARI SUPERCARS
PORSCHE 911 993 GT2 LHD,"£1,399,950",1997,"29,200",JOE MACARI
PORSCHE 962C KREMER,"£1,174,950",1988,0,JOE MACARI
2024/73 PORSCHE 911 GT3 RS CLUBSPORT WEISSACH,"£334,950",2024,"1,600",TOM HARTLEY
PORSCHE 911 T 992 DAKAR ULEZ,"£198,990",2023,800,VAS VEHICLE SOLUTIONS LTD
PORSCHE 911 GT3 RS PDK,"£141,990",2015,"17,500",VAS VEHICLE SOLUTIONS LTD
PORSCHE 911 991 GT3 ULEZ,"£142,890",2017,"4,700",VAS VEHICLE SOLUTIONS LTD
PORSCHE 911 991 GT3 RS ULEZ,"£214,990",2019,"5,300",VAS VEHICLE SOLUTIONS LTD
PORSCHE 911 SPEEDSTER ULEZ,POA,2019,"1,500",VAS VEHICLE SOLUTIONS LTD
PORSCHE 911 GT3 TOURING (992),"£194,950",2022,"1,959",ROMANS INTERNATIONAL
PORSCHE 911 DAKAR,POA,2023,17,ROMANS INTERNATIONAL
PORSCHE 911 R,"£399,950",2016,"6,472",ROMANS INTERNATIONAL
PORSCHE 918 SPYDER,POA,2015,"9,167",ROMANS INTERNATIONAL
PORSCHE 911 GT3RS 991.1 LHD,"£134,900",2016,"11,130",GVE LONDON
PORSCHE 911 (991.2) GT3 RS WEISSACH,"£229,950",2019,"4,974",ROMANS INTERNATIONAL
2021/21 PORSCHE 911 GT3 CLUBSPORT,"£194,950",2021,"5,000",TOM HARTLEY
2008/08 PORSCHE 911 GT2,"£159,950",2008,"16,000",TOM HARTLEY
2021/71 PORSCHE 911 GT3 TOURING PAINT TO SAMPLE,"£224,950",2021,"3,000",TOM HARTLEY
1991/H PORSCHE 911 9M11 RS BY NINEMEISTER,"£199,950",1991,"1,10,000",TOM HARTLEY
1977/~ PORSCHE 911 930 TURBO 3.0,"£149,950",1977,"88,500",TOM HARTLEY
PORSCHE 911 (992) GT3 TOURING,POA,2022,29,ROMANS INTERNATIONAL
PORSCHE 911 (997.2) GT3 RS MR,"£174,995",2010,"37,795",THE OCTANE COLLECTION
PORSCHE CARRERA GT,POA,2004,"10,834",THE OCTANE COLLECTION
PORSCHE 991.2 GT3 CLUBSPORT,"£142,995",2017,"14,750",THE OCTANE COLLECTION
PORSCHE 911 CARRERA 2.7 MFI,"£229,995",1974,"1,08,832",THE OCTANE COLLECTION
PORSCHE 911 (997.2) GT3 RS,"£169,995",2010,"28,452",THE OCTANE COLLECTION
PORSCHE 911 GT2 CLUBSPORT,"£119,995",2001,"53,540",THE OCTANE COLLECTION
PORSCHE 911 (964) CARRERA RS,"£239,995",1992,"72,310",THE OCTANE COLLECTION
PORSCHE 911 (991.2) GT3 RS,"£234,995",2018,"2,912",THE OCTANE COLLECTION
PORSCHE 911 (964) CARRERA CUP,"£204,995",1990,"2,379",THE OCTANE COLLECTION
PORSCHE 911 3.0 RSR,"£299,995",1974,"49,572",THE OCTANE COLLECTION
PORSCHE 911 (996) GT3 RS,"£164,995",2004,"27,250",THE OCTANE COLLECTION
PORSCHE 911 TARGA,"£149,995",1984,"1,13,342",THE SUPERCAR ROOMS
PORSCHE 911,"£139,995",1981,"1,27,913",THE SUPERCAR ROOMS
1990 PORSCHE 911 CARRERA 4 70TH EDITION,"£176,950",1990,"1,07,853",SCUDERIA PRESTIGE
MERCEDES-BENZ MCLAREN SLR FOR SALE,"£244,995",2006,"17,081",AMARI SUPERCARS
PORSCHE 911 (991.2) SPEEDSTER,"£334,950",2019,79,ROMANS INTERNATIONAL
2019/69 PORSCHE 911 GT3 RS WEISSACH PACKAGE,"£219,950",2019,"5,000",TOM HARTLEY
2011/11 PORSCHE 911 SPEEDSTER,"£264,950",2011,"9,000",TOM HARTLEY
2018/18 PORSCHE 911 GT2 RS WEISSACH,"£339,950",2018,"6,800",TOM HARTLEY
2018/18 PORSCHE 911 GT2 RS WEISSACH,"£349,950",2018,"5,500",TOM HARTLEY
2018/68 PORSCHE GT2 RS WEISSACH LHD,"£349,950",2018,500,TOM HARTLEY
ASTON MARTIN VALKYRIE,POA,2024,50,JOE MACARI
2015 ASTON MARTIN DB9 GT BOND EDITION,POA,2015,"2,124",EUROPEAN PRESTIGE
ASTON MARTIN DBX 707,"£127,950",2022,"20,500",ROMANS INTERNATIONAL
2005/05 ASTON MARTIN VANQUISH S,POA,2005,"19,900",TOM HARTLEY
ASTON MARTIN V12 VANTAGE ROADSTER,"£214,950",2024,980,ROMANS INTERNATIONAL
ASTON MARTIN VANTAGE GT8,"£129,950",2016,"4,323",ROMANS INTERNATIONAL
ASTON MARTIN DBS V12 BITURBO SUPERLEGGERA ULEZ,"£129,990",2020,"9,000",VAS VEHICLE SOLUTIONS LTD
2018/68 ASTON MARTIN DBS SUPERLEGGERA,"£119,950",2018,"17,000",TOM HARTLEY
ASTON MARTIN VANTAGE GT12,"£284,950",2016,"7,521",ROMANS INTERNATIONAL
2020 ASTON MARTIN DBS SUPERLEGGERA,"£124,995",2020,"19,342",EUROPEAN PRESTIGE
ASTON MARTIN VANQUISH V12,"£349,950",2024,"2,934",ROMANS INTERNATIONAL
ASTON MARTIN VANQUISH ZAGATO,"£279,950",2017,"2,234",ROMANS INTERNATIONAL
2025/74 ASTON MARTIN VANQUISH V12,"£369,950",2025,100,TOM HARTLEY
ASTON MARTIN DBX V8 707,POA,2025,"1,759",SCUDERIA PRESTIGE
ASTON MARTIN DBS V12 BITURBO SUPERLEGGERA,"£129,950",2019,"16,532",SCUDERIA PRESTIGE
ASTON MARTIN DB11 V12,"£68,950",2016,"30,323",SCUDERIA PRESTIGE
ASTON MARTIN VANQUISH ZAGATO,POA,2017,479,ROMANS INTERNATIONAL
ASTON MARTIN DBX V8 ULEZ,"£114,990",2023,"19,000",VAS VEHICLE SOLUTIONS LTD
ASTON MARTIN DB11 V8 VOLANTE 4.0 - 2022 MODEL (528 BHP),"£106,050",2021,"2,960",TOP 555
1979/~ ASTON MARTIN V8 VOLANTE OSCAR INDIA EX-ROGER TAYLOR,"£149,950",1979,"1,03,000",TOM HARTLEY
ASTON MARTIN DBS SUPERLEGGERA,"£139,950",2020,"5,335",ROMANS INTERNATIONAL
ASTON MARTIN VANTAGE V8 ULEZ,"£69,990",2019,"35,000",VAS VEHICLE SOLUTIONS LTD
ASTON MARTIN VANQUISH V12 ZAGATO VOLANTE - CAR NO.52 OF 99 PRODUCED WORLDWIDE,"£299,950",2017,135,TOP 555
ASTON MARTIN DB11 V12 FOR SALE,"£99,995",2022,"10,582",AMARI SUPERCARS
ASTON MARTIN DBS V12,POA,2010,"20,651",ROMANS INTERNATIONAL
ASTON MARTIN VANTAGE V12 - CAR NO.28 OF ONLY 333 CARS WORLDWIDE,"£167,950",2022,"7,120",TOP 555
ASTON MARTIN VALKYRIE,POA,2023,107,ROMANS INTERNATIONAL
ASTON MARTIN V12 SPEEDSTER,POA,2021,612,THE OCTANE COLLECTION
ASTON MARTIN VANTAGE V12 ULEZ,"£79,990",2012,"15,700",VAS VEHICLE SOLUTIONS LTD
LAMBORGHINI GALLARDO SUPERLEGGERA ULEZ,"£114,990",2008,"31,000",VAS VEHICLE SOLUTIONS LTD
ASTON MARTIN VANTAGE V12 ULEZ,"£59,990",2012,"47,000",VAS VEHICLE SOLUTIONS LTD
ASTON MARTIN VANQUISH S 2 + 2,"£94,990",2004,"26,000",VAS VEHICLE SOLUTIONS LTD
ASTON MARTIN VANQUISH V12 ZAGATO,"£324,990",2018,69,VAS VEHICLE SOLUTIONS LTD
2019/68 ASTON MARTIN VANTAGE V600 ROADSTER 1 OF 7,"£599,950",2019,"2,500",TOM HARTLEY
1988/F ASTON MARTIN V8 VOLANTE EFI,"£224,950",1988,"25,000",TOM HARTLEY
2025 ASTON MARTIN VANTAGE,"£179,995",2025,"1,818",EUROPEAN PRESTIGE
ASTON MARTIN VANTAGE S V12,"£89,950",2016,"4,394",ROMANS INTERNATIONAL
ASTON MARTIN DB11 V8,"£96,950",2022,"7,929",ROMANS INTERNATIONAL
1994 ASTON MARTIN VANTAGE V600,"£209,950",1994,"13,500",SUPERVETTURA
2018 ASTON MARTIN V600 COUPE,"£600,000",2018,"1,275",SUPERVETTURA
2025/74 ASTON MARTIN VANQUISH V12,"£389,950",2025,100,TOM HARTLEY
1996/N ASTON MARTIN V8 VANTAGE V550,"£174,950",1996,"17,000",TOM HARTLEY
2015/15 ASTON MARTIN DB9 VOLANTE CARBON EDITION,"£64,950",2015,"30,000",TOM HARTLEY
ASTON MARTIN DBS V12 ULTIMATE,"£299,000",2023,155,SCUDERIA PRESTIGE
ASTON MARTIN DB11 V12 BITURBO AMR,"£91,995",2020,"10,400",SCUDERIA PRESTIGE
ASTON MARTIN VANTAGE V8 F1 EDITION,"£119,995",2022,"3,775",SCUDERIA PRESTIGE
ASTON MARTIN DBX V8 707,"£214,995",2025,"1,759",SCUDERIA PRESTIGE
ASTON MARTIN DB12 V8,POA,2024,"2,238",ROMANS INTERNATIONAL
ASTON MARTIN VANQUISH S - 2+2 COUPE,"£67,950",2004,"26,700",TOP 555
ASTON MARTIN RAPIDE S AMR V12 (1 OF ONLY 47 UK CARS),"£116,950",2020,"11,100",TOP 555
ASTON MARTIN DBX 707,"£139,950",2023,"10,500",TOP 555
ASTON MARTIN DB12 COUPE,"£169,950",2024,"2,400",TOP 555
ASTON MARTIN DBS SUPERLEGGERA V12 COUPE,"£179,950",2023,430,TOP 555
ASTON MARTIN V8 VANTAGE,POA,2024,"6,961",ROMANS INTERNATIONAL
ASTON MARTIN DB12 V8,"£169,950",2024,783,ROMANS INTERNATIONAL
ASTON MARTIN DB12 V8,"£167,950",2024,491,ROMANS INTERNATIONAL
ASTON MARTIN VANQUISH V12 ZAGATO,"£325,000",2017,479,ROMANS INTERNATIONAL
ASTON MARTIN VANQUISH V12,"£379,950",2024,"1,309",ROMANS INTERNATIONAL
ASTON MARTIN VANQUISH ZAGATO SPEEDSTER,"£495,000",2018,522,ROMANS INTERNATIONAL
ASTON MARTIN VALKYRIE,"£2,699,995",2023,37,THE OCTANE COLLECTION
ASTON MARTIN DB11 V12,"£67,990",2017,"25,500",VAS VEHICLE SOLUTIONS LTD
2004 ASTON MARTIN DB7 ZAGATO,"£249,950",2004,"8,600",JOE MACARI
ASTON MARTIN VANTAGE V8 FOR SALE,"£39,995",2008,"23,571",AMARI SUPERCARS
ASTON MARTIN VANQUISH 6.0 V12 CARBON EDITION BLACK COUPE 2DR PETROL T-TRONIII EURO 6 (568 BHP),"£99,950",2016,"11,000",SLADES GARAGE
ASTON MARTIN DB2/4 2.9L MK III RHD,"£169,950",1958,"38,000",SLADES GARAGE
2024 ASTON MARTIN VALKYRIE SPIDER,POA,2024,0,TOM HARTLEY JNR
2004 ASTON MARTIN VANQUISH S,"£79,500",2004,"16,281",TOM HARTLEY JNR
ASTON MARTIN VANTAGE FOR SALE,"£173,995",2024,367,AMARI SUPERCARS
ASTON MARTIN V8 VANTAGE,"£64,950",2018,"42,850",JOE MACARI
ASTON MARTIN DB12 V8 ULEZ,"£184,990",2024,"2,200",VAS VEHICLE SOLUTIONS LTD
2007/56 ASTON MARTIN VANQUISH S,"£89,950",2007,"7,000",TOM HARTLEY
2009/09 ASTON MARTIN DBS V12 MANUAL,"£99,950",2009,"16,000",TOM HARTLEY
ASTON MARTIN VANTAGE V12 - 131 OF 333 FOR SALE,"£199,995",2022,"2,340",AMARI SUPERCARS
ASTON MARTIN DB5 CONVERTIBLE,POA,1964,"26,950",JOE MACARI
1973/~ ASTON MARTIN V8 COUPE,"£89,950",1973,"66,000",TOM HARTLEY
ASTON MARTIN DB11 AMR V12 FOR SALE,"£84,995",2019,"23,319",AMARI SUPERCARS
ROLLS-ROYCE WRAITH SHOOTING BRAKE,POA,2015,"18,000",JOE MACARI
2012/62 ASTON MARTIN VANQUISH V12,"£64,950",2012,"33,000",TOM HARTLEY
2022/22 ASTON MARTIN DBX 550,"£109,950",2022,"20,000",TOM HARTLEY
2021/71 ASTON MARTIN DBS SUPERLEGGERA,"£159,950",2021,"4,500",TOM HARTLEY
2022/22 ASTON MARTIN VANTAGE F1 EDITION ROADSTER,"£129,950",2022,"4,200",TOM HARTLEY
2022/72 ASTON MARTIN DBX 707,"£149,950",2022,"3,500",TOM HARTLEY
ASTON MARTIN VANTAGE V8 HERITAGE RACING EDITION FOR SALE,"£139,995",2019,"1,760",AMARI SUPERCARS
ASTON MARTIN DBX V8 550 FOR SALE,"£154,895",2022,"2,938",AMARI SUPERCARS
ASTON MARTIN VANQUISH S ULTIMATE,"£159,950",2007,"1,170",JOE MACARI
ASTON MARTIN VANTAGE V8 GT8,"£137,990",2017,"5,800",VAS VEHICLE SOLUTIONS LTD
ASTON MARTIN VANQUISH V12,"£66,990",2012,"31,500",VAS VEHICLE SOLUTIONS LTD
ASTON MARTIN V12 VANTAGE,"£229,950",2022,"2,349",ROMANS INTERNATIONAL
ASTON MARTIN VANQUISH ZAGATO SPEEDSTER,"£559,950",2018,691,ROMANS INTERNATIONAL
2019/19 ASTON MARTIN VANQUISH V12 ZAGATO SHOOTING BRAKE,"£499,950",2019,900,TOM HARTLEY
ASTON MARTIN DBX V8 FOR SALE,"£119,995",2020,"14,244",AMARI SUPERCARS
ASTON MARTIN DBS SUPERLEGGERA,"£154,950",2018,"9,651",ROMANS INTERNATIONAL
ASTON MARTIN DBS SUPERLEGGERA,"£179,950",2020,"2,362",ROMANS INTERNATIONAL
2021/21 ASTON MARTIN VANTAGE V8 ROADSTER,"£119,950",2021,"7,000",TOM HARTLEY
2022/72 ASTON MARTIN DBX 707,"£219,950",2022,800,TOM HARTLEY
ASTON MARTIN VANQUISH 6.0 V12 CARBON EDITION VOLANTE T-TRONIII EURO 6 2DR,"£89,950",2014,"27,646",REDLINE SPECIALIST CARS
ASTON MARTIN V8 VANTAGE AMR,"£84,995",2018,"15,100",THE OCTANE COLLECTION
ASTON MARTIN VANQUISH 6.0 V12 S ZAGATO SHOOTING BRAKE T-TRONIII EURO 6 2DR,"£499,950",2019,93,REDLINE SPECIALIST CARS
ASTON MARTIN DB9,"£36,995",2007,"46,701",THE SUPERCAR ROOMS
ASTON MARTIN DBS SUPERLEGGERA FOR SALE,"£164,995",2019,"11,700",AMARI SUPERCARS
ASTON MARTIN DB11 AMR V12 FOR SALE,"£109,995",2019,"3,995",AMARI SUPERCARS
ASTON MARTIN DBS ULTIMATE FOR SALE,"£134,995",2012,"13,907",AMARI SUPERCARS
ASTON MARTIN DBS SUPERLEGGERA FOR SALE,"£174,995",2020,"4,569",AMARI SUPERCARS
2018 ASTON MARTIN V12 VANQUISH ZAGATO COUPE,"£424,950",2018,70,SUPERVETTURA
1967 ASTON MARTIN DB6 MK1 SALOON(U230),"£319,950",1967,"87,063",SCUDERIA PRESTIGE
ASTON MARTIN VENGEANCE VOLANTE FOR SALE,"£324,995",2012,85,AMARI SUPERCARS
ASTON MARTIN DBS SUPERLEGGERA VOLANTE V12,"£239,950",2022,500,TOP 555
2002/02 ASTON MARTIN DB7 VANTAGE VOLANTE,"£39,950",2002,"30,000",TOM HARTLEY
ASTON MARTIN VANTAGE 4.0 V8 EURO 6 2DR,"£104,990",2021,"2,717",REDLINE SPECIALIST CARS
ASTON MARTIN DB11 5.2 V12 AUTO EURO 6 2DR,"£82,950",2016,"19,594",REDLINE SPECIALIST CARS
ASTON MARTIN VANTAGE 4.0 V8 F1 EDITION AUTO EURO 6 2DR,"£157,950",2022,87,REDLINE SPECIALIST CARS
ASTON MARTIN VANTAGE 4.0 V8 AUTO EURO 6 2DR,"£89,950",2019,"12,664",REDLINE SPECIALIST CARS
ASTON MARTIN DB9 6.0 V12 VOLANTE T-TRONICII EURO 5 2DR,"£71,950",2015,"12,757",REDLINE SPECIALIST CARS
ASTON MARTIN VANQUISH 6.0 V12 S VOLANTE T-TRONIII EURO 6 2DR,"£157,990",2018,"3,049",REDLINE SPECIALIST CARS
ASTON MARTIN DBS 5.2 V12 BITURBO SUPERLEGGERA AUTO EURO 6 2DR,"£169,950",2019,812,REDLINE SPECIALIST CARS
ASTON MARTIN VANTAGE 4.0 V8 AUTO EURO 6 2DR,"£92,950",2019,"8,689",REDLINE SPECIALIST CARS
ASTON MARTIN VANQUISH 6.0 V12 CARBON EDITION VOLANTE T-TRONIII EURO 6 2DR,"£89,950",2014,"27,646",REDLINE SPECIALIST CARS
ASTON MARTIN DB11 4.0 V8 VOLANTE AUTO EURO 6 2DR,"£122,950",2021,"3,467",REDLINE SPECIALIST CARS
MERCEDES-BENZ SLS AMG BLACK SERIES,POA,2015,"2,392",ROMANS INTERNATIONAL
2024 MERCEDES-BENZ AMG ONE,"£2,800,000",2024,34,EUROPEAN PRESTIGE
2005 MERCEDES-BENZ SLR MCLAREN,"£299,995",2005,"19,743",EUROPEAN PRESTIGE
MERCEDES-BENZ SLS AMG,"£194,950",2012,"17,175",JOE MACARI
MERCEDES-BENZ SLS AMG,"£159,950",2014,"20,324",ROMANS INTERNATIONAL
MERCEDES-BENZ AMG GT BLACK SERIES,"£349,950",2021,"3,358",ROMANS INTERNATIONAL
MERCEDES-BENZ AMG GT C EDITION 50 ROADSTER,"£89,950",2018,"5,379",ROMANS INTERNATIONAL
MERCEDES-BENZ C63 AMG BLACK SERIES,"£119,950",2012,"24,622",ROMANS INTERNATIONAL
2012/12 MERCEDES-BENZ SLS AMG ROADSTER,"£119,950",2012,"19,000",TOM HARTLEY
MERCEDES-BENZ MCLAREN SLR COUPE,"£264,990",2004,"27,800",VAS VEHICLE SOLUTIONS LTD
MERCEDES-BENZ AMG GT V8 BITURBO C ULEZ,"£68,990",2018,"22,900",VAS VEHICLE SOLUTIONS LTD
MERCEDES-BENZ AMG GT C ROADSTER,"£82,950",2018,"9,610",ROMANS INTERNATIONAL
2013 MERCEDES SLS 63 AMG COUPE,"£189,950",2013,"30,300",SUPERVETTURA
2011/11 MERCEDES-BENZ SLS AMG GT3,POA,2011,0,TOM HARTLEY
MERCEDES-BENZ AMG ONE - 1 OF 275 CARS WORLDWIDE,"£3,000,000",2025,95,TOP 555
MERCEDES-BENZ SLS AMG BLACK SERIES,POA,2013,"5,700",SIMON FURLONGER
MERCEDES-BENZ AMG GT C EDITION 50,"£89,950",2017,"6,437",ROMANS INTERNATIONAL
MERCEDES-BENZ AMG GT V8 BITURBO ULEZ,"£48,990",2016,"25,000",VAS VEHICLE SOLUTIONS LTD
MERCEDES-BENZ SLS AMG GT FINAL EDITION,"£449,950",2014,249,ROMANS INTERNATIONAL
MERCEDES-BENZ AMG GT V8 BITURBO R ULEZ,"£109,990",2018,"10,000",VAS VEHICLE SOLUTIONS LTD
2020/70 MERCEDES-BENZ AMG GT R PRO,"£149,950",2020,"13,000",TOM HARTLEY
MERCEDES-BENZ AMG GT TRACK SERIES,"£349,950",2022,0,JOE MACARI
2023 MERCEDES-AMG ONE,POA,2023,0,TOM HARTLEY JNR
2010/60 MERCEDES-BENZ SLS AMG,POA,2010,"7,500",TOM HARTLEY
2010/60 MERCEDES-BENZ SLS AMG,"£174,950",2010,"33,000",TOM HARTLEY
2019 MERCEDES-BENZ AMG GT R PRO,"د.إ740,000",2019,"4,698",DOURADO LUXURY CAR
2022 MERCEDES-BENZ AMG GT BLACK SERIES LIMITED-EDITION,"د.إ1,950,000",2022,16,DOURADO LUXURY CAR
2019/69 MERCEDES-BENZ AMG GT R PRO,"£149,950",2019,"5,000",TOM HARTLEY
MERCEDES-BENZ AMG GT BLACK SERIES FOR SALE,"£379,995",2022,500,AMARI SUPERCARS
MERCEDES-BENZ SLS AMG,"£174,950",2011,"27,975",JOE MACARI
MERCEDES-BENZ AMG GT BLACK SERIES FOR SALE,"£379,995",2022,95,AMARI SUPERCARS
2012/62 MERCEDES-BENZ C63 AMG BLACK SERIES,"£139,950",2012,"6,500",TOM HARTLEY
2011/61 MERCEDES-BENZ SLS AMG ROADSTER,"£129,950",2011,"8,800",TOM HARTLEY
2012/62 MERCEDES-BENZ SLS AMG GULLWING,"£189,950",2012,"12,500",TOM HARTLEY
MERCEDES-BENZ SLR MCLAREN ROADSTER,"£424,950",2011,"16,200",JOE MACARI
MERCEDES-BENZ CLK LM LHD,POA,1998,0,JOE MACARI
2019/69 MERCEDES-BENZ AMG GT R ROADSTER,"£129,950",2019,"4,000",TOM HARTLEY
MERCEDES-BENZ SLS AMG,"£209,950",2012,"15,891",ROMANS INTERNATIONAL
ASTON MARTIN DBS SUPERLEGGERA,"£154,950",2018,"9,651",ROMANS INTERNATIONAL
MERCEDES SLS AMG,"£187,950",2011,"15,413",ROMANS INTERNATIONAL
ASTON MARTIN DBS SUPERLEGGERA,"£179,950",2020,"2,362",ROMANS INTERNATIONAL
2016/66 MERCEDES-BENZ SLS AMG BLACK SERIES,"£774,950",2016,"5,000",TOM HARTLEY
MERCEDES AMG GTR PRO,"£149,995",2020,"7,275",THE OCTANE COLLECTION
MERCEDES-BENZ AMG GT R PREMIUM FOR SALE,"£119,995",2017,"7,552",AMARI SUPERCARS
MERCEDES-BENZ SLS 63 AMG ROADSTER FOR SALE,"£119,995",2011,"17,573",AMARI SUPERCARS
MERCEDES-BENZ MCLAREN SLR FOR SALE,"£244,995",2006,"17,081",AMARI SUPERCARS
MERCEDES AMG GT R PRO,"£149,950",2020,"9,998",ROMANS INTERNATIONAL
2022/71 MERCEDES-BENZ AMG GT BLACK SERIES,"£384,950",2022,800,TOM HARTLEY
2014/14 MERCEDES-BENZ SLS AMG GT FINAL EDITION,"£434,950",2014,430,TOM HARTLEY
2024 MERCEDES-BENZ AMG ONE,"£2,800,000",2024,34,EUROPEAN PRESTIGE
2015/15 MCLAREN 675 LT COUPE,"£209,950",2015,"9,500",TOM HARTLEY
2020 MCLAREN 765LT,"£319,995",2020,"7,786",EUROPEAN PRESTIGE
MCLAREN ARTURA,"£139,950",2024,"6,172",ROMANS INTERNATIONAL
LAMBORGHINI DIABLO 2WD – U.K. SUPPLIED,POA,1992,"24,550",SIMON FURLONGER
MCLAREN 650S LE MANS EDITION – 1 OF 50 PRODUCED,"£239,990",0,"14,500",SIMON FURLONGER
2005 MERCEDES-BENZ SLR MCLAREN,"£299,995",2005,"19,743",EUROPEAN PRESTIGE
MCLAREN 765LT SPIDER,"£369,950",2022,"3,679",ROMANS INTERNATIONAL
2021 MCLAREN 765LT,"£324,995",2021,"3,871",EUROPEAN PRESTIGE
MCLAREN 765LT SPIDER,"£344,950",2022,"6,686",ROMANS INTERNATIONAL
MCLAREN 720S T V8 ULEZ,"£119,990",2017,"17,000",VAS VEHICLE SOLUTIONS LTD
2020 MCLAREN 600LT SPIDER,"£129,995",2020,"30,867",EUROPEAN PRESTIGE
FERRARI 275 GTB/4 LHD,POA,1967,"60,550",JOE MACARI
MCLAREN 600LT SPIDER,"£149,950",2019,"13,750",TOP 555
MCLAREN 720S SPIDER PERFORMANCE V8 FOR SALE,"£169,995",2022,"8,853",AMARI SUPERCARS
MCLAREN 675LT,"£184,950",2015,"2,339",ROMANS INTERNATIONAL
MCLAREN 600LT SPIDER,"£149,950",2022,"6,684",ROMANS INTERNATIONAL
MCLAREN 720S,"£126,950",2019,"19,500",TOP 555
MERCEDES-BENZ MCLAREN SLR COUPE,"£264,990",2004,"27,800",VAS VEHICLE SOLUTIONS LTD
MCLAREN GT,"£109,950",2021,"2,150",TOP 555
MCLAREN GT,"£109,950",2022,"5,926",ROMANS INTERNATIONAL
2015 MCLAREN P1 GTR,"£2,350,000",2015,230,SUPERVETTURA
MCLAREN SENNA,"£774,990",2024,960,SIMON FURLONGER
2020/20 MCLAREN 600LT SPIDER,"£154,950",2020,"4,000",TOM HARTLEY
MCLAREN P1 – UK SUPPLIED,"£1,499,990",2015,"3,610",SIMON FURLONGER
MCLAREN SENNA GTR XP02 - ROAD LEGAL,"£1,450,000",2021,"1,400",SUB7 COLLECTION LTD
MCLAREN 675LT,"£179,950",2016,"19,197",ROMANS INTERNATIONAL
MCLAREN 675LT,"£224,950",2015,"1,813",ROMANS INTERNATIONAL
MCLAREN 600LT,"£134,950",2020,"11,636",ROMANS INTERNATIONAL
MCLAREN 720S SPIDER,"£149,950",2020,"22,925",ROMANS INTERNATIONAL
MCLAREN SENNA,"£775,000",2019,672,ROMANS INTERNATIONAL
MCLAREN 675LT,"£239,995",2015,306,THE OCTANE COLLECTION
MCLAREN SENNA,"£749,950",2018,"1,450",JOE MACARI
MCLAREN 720S V8 SSG,"£156,990",2019,"12,500",VAS VEHICLE SOLUTIONS LTD
2015/15 MCLAREN 675 LT COUPE,"£194,950",2015,"8,500",TOM HARTLEY
2016/66 MCLAREN 675 LT SPIDER,"£219,950",2016,"5,900",TOM HARTLEY
2019/19 MCLAREN 720S PERFORMANCE,"£124,950",2019,"24,000",TOM HARTLEY
MCLAREN ARTURA V6 PHEV FOR SALE,"£149,995",2024,"1,572",AMARI SUPERCARS
MERCEDES-BENZ SLR MCLAREN ROADSTER,"£424,950",2011,"16,200",JOE MACARI
2015/15 MCLAREN 675LT COUPE,"£214,950",2015,"8,500",TOM HARTLEY
2016/16 MCLAREN 675 LT SPIDER AUTO,"£224,950",2016,"19,200",TOM HARTLEY
MCLAREN 675LT SPIDER FOR SALE,"£229,995",2017,"11,515",AMARI SUPERCARS
MERCEDES-BENZ CLK LM LHD,POA,1998,0,JOE MACARI
MCLAREN 720S PERFORMANCE,"£139,950",2018,"8,450",JOE MACARI
MCLAREN 720S PERFORMANCE SPIDER,"£189,950",2021,"5,107",ROMANS INTERNATIONAL
MCLAREN P1,"£1,350,000",2015,"1,627",ROMANS INTERNATIONAL
MCLAREN GT V8 FOR SALE,"£109,995",2021,0,AMARI SUPERCARS
MCLAREN 765LT SPIDER FOR SALE,"£384,995",2022,600,AMARI SUPERCARS
MCLAREN 765LT SPYDER FOR SALE,"£379,995",2022,"2,262",AMARI SUPERCARS
2005 KOENIGSEGG CCR,"£1,950,000",2005,"7,800",SUPERVETTURA
2020 MCLAREN 600LT COUPE APEX COLLECTION ULEZ,"£157,995",2020,"4,478",SCUDERIA PRESTIGE
MASERATI MC20,"£254,950",2022,155,ROMANS INTERNATIONAL
MCLAREN GT V8 SSG PIONEER SPEC PRACTICALITY AND PREMIUM PACKS SPORT EXHAUST 4.0 AUTOMATIC 2 DOOR COUPE,"£126,900",2020,"4,990",GRANGE LAMBORGHINI TUNBRIDGE WELLS
MCLAREN 570S SPIDER V8 2DR SSG AUTO SPORTS EXHAUST BOWERS AND WILKINS 3.8 AUTOMATIC CONVERTIBLE AVAILABLE FROM LAMBORGHINI TUNBRIDGE WELLS,"£121,900",2019,"3,900",GRANGE LAMBORGHINI TUNBRIDGE WELLS
MCLAREN SENNA,"£999,950",2019,650,REDLINE SPECIALIST CARS
2014/14 MCLAREN P1 V8,"£1,300,000",2014,"1,500",TOM HARTLEY
MCLAREN 720S PERFORMANCE,"£184,950",2021,"4,259",ROMANS INTERNATIONAL
MCLAREN 720S LE MANS EDITION FOR SALE,POA,2021,350,AMARI SUPERCARS
MCLAREN 600LT,"£139,895",2020,"9,920",THE OCTANE COLLECTION
MCLAREN 675LT,"£229,995",2015,213,THE OCTANE COLLECTION
MCLAREN 650S LE MANS EDITION FOR SALE,"£234,995",2015,"1,813",AMARI SUPERCARS
MCLAREN 570S SPIDER V8 SSG BOWERS AND WILKINS 12 SPEAKER AUDIO SPORTS EXHAUST 3.8 AUTOMATIC 2 DOOR CONVERTIBLE AVAILABLE FROM LAMBORGHINI TUNBRIDGE WELLS,"£115,900",2017,"11,078",GRANGE LAMBORGHINI TUNBRIDGE WELLS
MCLAREN 570S 3.8T V8 SSG EURO 6 2DR,"£96,950",2018,"4,379",REDLINE SPECIALIST CARS
MCLAREN 720S SPIDER PERFOMANCE FOR SALE,"£224,995",2020,"4,672",AMARI SUPERCARS
MCLAREN 620R,"£194,950",2020,"5,803",REDLINE SPECIALIST CARS
MERCEDES-BENZ MCLAREN SLR FOR SALE,"£244,995",2006,"17,081",AMARI SUPERCARS
2015 MCLAREN P1 GTR,"£2,350,000",2015,230,SUPERVETTURA
MCLAREN 720S SPIDER V8 SSG MSO ABYSS BLACK PAINT CARBON INTERIOR 1 AND 2 AND VENTS EXTERIOR CARBON 4.0 AUTOMATIC 2 DOOR CONVERTIBLE AVAILABLE FROM LAMBORGHINI TUNBRIDGE WELLS,"£182,900",2019,"12,550",GRANGE LAMBORGHINI TUNBRIDGE WELLS
MCLAREN GT V8 SSG PANORAMIC PRIVACY GLASS ROOF SPORTS EXHAUST 4.0 AUTOMATIC 2 DOOR COUPÃ© AVAILABLE FROM LAMBORGHINI TUNBRIDGE WELLS,"£159,900",2022,"1,950",GRANGE LAMBORGHINI TUNBRIDGE WELLS
"MCLAREN 720S V8 2DR SSG SPORTS EXHAUST, CARBON FRONT AIR INTAKES, CARBON INT PACKS 1 AND 2 4.0 AUTOMATIC COUPÃ© AVAILABLE FROM LAMBORGHINI TUNBRIDGE WELLS","£145,900",2018,"9,650",GRANGE LAMBORGHINI TUNBRIDGE WELLS
MCLAREN 570S SPIDER V8 SSG SECURITY PACK BOWERS AND WILKINS AUDIO NOSE LIFT 3.8 AUTOMATIC 2 DOOR CONVERTIBLE AVAILABLE FROM LAMBORGHINI TUNBRIDGE WELLS,"£112,900",2017,"9,870",GRANGE LAMBORGHINI TUNBRIDGE WELLS
2024 BENTLEY BENTAYGA S BY ONYX CONCEPT,"د.إ1,525,000",2024,30,DOURADO LUXURY CAR
BENTLEY CONTINENTAL GT V8,"£142,950",2021,"3,190",ROMANS INTERNATIONAL
BENTLEY CONTINENTAL FLEXFUEL GTC SUPERSPORTS,"£42,990",2010,"19,500",VAS VEHICLE SOLUTIONS LTD
BENTLEY ARNAGE T MULLINER II,"£44,990",2008,"32,000",SIMON FURLONGER
BENTLEY BENTAYGA V8 AZURE,POA,2023,"5,865",ROMANS INTERNATIONAL
BENTLEY FLYING SPUR,"£104,950",2020,"19,415",JOE MACARI
2018/18 BENTLEY CONTINENTAL GT MULLINER,POA,2018,"10,000",TOM HARTLEY
BENTLEY CONTINENTAL GT V8 - URBAN FOR SALE,"£135,995",2021,"18,501",AMARI SUPERCARS
BENTLEY CONTINENTAL GT V8 FOR SALE,"£151,995",2022,"16,088",AMARI SUPERCARS
"FERRARI 355 SPIDER F1 – 5,500 MILES FROM NEW","£119,990",1998,"5,500",SIMON FURLONGER
BENTLEY BENTAYGA V8 FIRST EDITION,"£124,950",2021,"23,335",ROMANS INTERNATIONAL
2020/20 BENTLEY MULSANNE SPEED V8,"£149,950",2020,"4,900",TOM HARTLEY
BENTLEY BENTAYGA V8 FIRST EDITION,"£116,950",2020,"22,950",ROMANS INTERNATIONAL
2015/15 BENTLEY MULSANNE SPEED,POA,2015,"32,000",TOM HARTLEY
BENTLEY CONTINENTAL W12 GTC FIRST EDITION,"£114,950",2019,"12,610",SCUDERIA PRESTIGE
2022/72 BENTLEY CONTINENTAL GTC V8 MULLINER,"£154,950",2022,"4,500",TOM HARTLEY
2021 BENTLEY CONTINENTAL GT SPEED,"£139,995",2021,"25,308",EUROPEAN PRESTIGE
BENTLEY CONTINENTAL GTC SUPERSPORTS,"£49,950",2011,"20,370",TOP 555
2021 FERRARI 812 SUPERFAST,"د.إ1,350,000",2021,"2,948",DOURADO LUXURY CAR
2025 ROLLS ROYCE CULLINAN SERIES II,"د.إ1,950,000",2025,53,DOURADO LUXURY CAR
BENTLEY CONTINENTAL W12 GTC ULEZ,"£117,990",2019,"16,500",VAS VEHICLE SOLUTIONS LTD
BENTLEY CONTINENTAL W12 GTC SPEED,"£151,990",2021,"17,000",VAS VEHICLE SOLUTIONS LTD
BENTLEY CONTINENTAL GTC V8 - MULLINER DRIVING SPECIFICATION,"£134,950",2021,"14,860",TOP 555
BENTLEY CONTINENTAL W12 GTC FIRST EDITION,"£124,950",2019,"11,500",SCUDERIA PRESTIGE
BENTLEY CONTINENTAL GT MULLINER W12,"£89,950",2019,"19,265",TOP 555
BENTLEY BENTAYGA V8,"£126,950",2023,"8,750",TOP 555
BENTLEY CONTINENTAL GT V8 S COUPE,"£157,950",2023,"11,750",TOP 555
2022/72 BENTLEY CONTINENTAL GTC V8 MULLINER,"£159,950",2022,300,TOM HARTLEY
2019 ROLLS ROYCE CULLINAN BY ONYX CONCEPT,POA,2019,671,DOURADO LUXURY CAR
2021/71 BENTLEY CONTINENTAL GTC V8 MULLINER,"£134,950",2021,"11,000",TOM HARTLEY
BENTLEY CONTINENTAL GT W12,"£99,950",2019,"17,318",ROMANS INTERNATIONAL
2021/71 BENTLEY CONTINENTAL GTC V8 MULLINER,"£134,950",2021,"11,000",TOM HARTLEY
2024 LAMBORGHINI URUS S,"د.إ1,350,000",2024,34,DOURADO LUXURY CAR
BENTLEY FLYING SPUR V8 ULEZ,"£49,990",2015,"16,000",VAS VEHICLE SOLUTIONS LTD
2018/67 BENTLEY BENTAYGA W12 MULLINER,"£54,950",2018,"58,000",TOM HARTLEY
BENTLEY CONTINENTAL W12 GTC SPEED ULEZ,"£51,990",2015,"51,000",VAS VEHICLE SOLUTIONS LTD
2025 ROLLS ROYCE CULLINAN SERIES II,"د.إ2,070,000",2025,37,DOURADO LUXURY CAR
2024 BENTLEY BENTAYGA S ONYX CONCEPT 1 OF 5,"د.إ1,575,000",2024,66,DOURADO LUXURY CAR
2022 FERRARI SF90 SPIDER ASSETTO FIORANO PACKAGE,"د.إ2,308,000",2022,"1,837",DOURADO LUXURY CAR
2024 ROLLS ROYCE CULLINAN ONYX CONCEPT,"د.إ2,450,000",2024,40,DOURADO LUXURY CAR
2024 ROLLS ROYCE CULLINAN ONYX CONCEPT,"د.إ2,350,000",2024,50,DOURADO LUXURY CAR
2024 ROLLS ROYCE CULLINAN ONYX CONCEPT,"د.إ2,475,000",2024,38,DOURADO LUXURY CAR
2023 ROLLS ROYCE CULLINAN BLACK BADGE ONYX CONCEPT,"د.إ2,450,000",2023,35,DOURADO LUXURY CAR
2024 ROLLS ROYCE CULLINAN ONYX CONCEPT,"د.إ2,350,000",2024,34,DOURADO LUXURY CAR
2020 ROLLS ROYCE DAWN ONYX CONCEPT 1 OF 1,"د.إ2,700,000",2020,"3,250",DOURADO LUXURY CAR
2020 ROLLS ROYCE DAWN ONYX CONCEPT,"د.إ2,250,000",2020,"8,686",DOURADO LUXURY CAR
2022 ROLLS ROYCE DAWN ONYX CONCEPT,"د.إ2,750,000",2022,726,DOURADO LUXURY CAR
2023 ROLLS ROYCE WRAITH ONYX CONCEPT,"د.إ3,000,000",2023,111,DOURADO LUXURY CAR
2020 ROLLS ROYCE WRAITH BLACK BADGE ONYX CONCEPT,"د.إ2,150,000",2020,"9,887",DOURADO LUXURY CAR
2020 ROLLS ROYCE WRAITH ONYX CONCEPT,"د.إ2,150,000",2020,"7,535",DOURADO LUXURY CAR
2020 ROLLS ROYCE WRAITH ONYX CONCEPT 1 OF 1,"د.إ2,150,000",2020,"5,833",DOURADO LUXURY CAR
2022 ROLLS-ROYCE CULLINAN BLACK BADGE NOVITEC SPOFEC KIT,"د.إ2,050,000",2022,118,DOURADO LUXURY CAR
2022 ROLLS-ROYCE CULLINAN BLACK BADGE NOVITEC SPOFEC KIT,"د.إ2,050,000",2022,35,DOURADO LUXURY CAR
2014 ROLLS ROYCE PHANTOM EXTENDED,"د.إ950,000",2014,"10,965",DOURADO LUXURY CAR
2020 ROLLS ROYCE GHOST,"د.إ860,000",2020,"4,432",DOURADO LUXURY CAR
2019 MERCEDES-BENZ AMG GT R PRO,"د.إ740,000",2019,"4,698",DOURADO LUXURY CAR
2022 MERCEDES-BENZ AMG GT BLACK SERIES LIMITED-EDITION,"د.إ1,950,000",2022,16,DOURADO LUXURY CAR
2023 PORSCHE 911 TURBO S CABRIOLET,"د.إ1,100,000",2023,65,DOURADO LUXURY CAR
2023 PORSCHE 911 TURBO S CABRIOLET,"د.إ1,100,000",31,19,DOURADO LUXURY CAR
2023 PORSCHE CAYENNE TURBO GT COUPE,"د.إ750,000",2023,6,DOURADO LUXURY CAR
2023 PORSCHE CAYENNE TURBO GT COUPE,"د.إ730,000",2023,21,DOURADO LUXURY CAR
2019 PORSCHE 911 GT2 RS WEISSACH PACKAGE,"د.إ2,065,000",2019,66,DOURADO LUXURY CAR
2019 PORSCHE 911 GT3 RS WEISSACH RS PACKAGE,"د.إ835,000",2019,"8,641",DOURADO LUXURY CAR
2022 FERRARI 812 GTS,"د.إ2,000,000",2022,390,DOURADO LUXURY CAR
2021 LAMBORGHINI URUS CAPSULE NOVITEC EDITION,"د.إ1,380,000",2021,45,DOURADO LUXURY CAR
2023 LAMBORGHINI URUS NOVITEC EDITION,"د.إ1,350,000",2023,"2,495",DOURADO LUXURY CAR
2022 FERRARI 812 SUPERFAST 8XX BY ONYX CONCEPT 1 OF 5,"د.إ2,100,000",2022,396,DOURADO LUXURY CAR
2023 FERRARI 812 GTS 8XX BY ONYX CONCEPT,"د.إ2,550,000",2023,63,DOURADO LUXURY CAR
2023 FERRARI 296 GTB,"د.إ1,050,000",2023,"4,216",DOURADO LUXURY CAR
2022 FERRARI 812 GTS,"د.إ2,150,000",2022,518,DOURADO LUXURY CAR
2022 FERRARI 812 GTS,"د.إ2,000,000",2022,305,DOURADO LUXURY CAR
2022 FERRARI 812 GTS,"د.إ1,900,000",2022,"2,059",DOURADO LUXURY CAR
2023 FERRARI ROMA,"د.إ1,015,000",2023,43,DOURADO LUXURY CAR
2022 FERRARI ROMA,"د.إ1,015,000",2022,27,DOURADO LUXURY CAR
2020 FERRARI 488 PISTA PILOTI 1 OF 40 LIMITED-EDITION,"د.إ3,100,000",2020,685,DOURADO LUXURY CAR
2020 FERRARI 488 PISTA SPIDER,"د.إ2,050,000",2020,"8,026",DOURADO LUXURY CAR
2023 BENTLEY CONTINENTAL GTX III ATHEA BY ONYX CONCEPT 1 OF 1,"د.إ1,950,000",2023,86,DOURADO LUXURY CAR
2024 BENTLEY CONTINENTAL GTX II ONYX CONCEPT,"د.إ1,730,000",2024,41,DOURADO LUXURY CAR
2024 BENTLEY CONTINENTAL GTX II ONYX CONCEPT,"د.إ1,650,000",2024,32,DOURADO LUXURY CAR
2023 BENTLEY BENTAYGA,"د.إ1,200,000",2023,24,DOURADO LUXURY CAR
"2023 BENTLEY FLYING SPUR | EXPORT PRICE AED 1,250,000","د.إ1,250,000",2023,21,DOURADO LUXURY CAR
2023 BENTLEY CONTINENTAL GTC SPEED,"د.إ1,565,000",2023,35,DOURADO LUXURY CAR
2023 BENTLEY CONTINENTAL GTC,"د.إ1,200,000",2023,31,DOURADO LUXURY CAR
2021 BENTLEY CONTINENTAL GT SPEED,"£154,995",2021,"24,305",EUROPEAN PRESTIGE
2017/67 BENTLEY CONTINENTAL GT SUPERSPORTS W12,"£74,950",2017,"30,000",TOM HARTLEY
BENTLEY CONTINENTAL GTC,"£49,990",2012,"45,000",VAS VEHICLE SOLUTIONS LTD
BENTLEY CONTINENTAL SUPERSPORTS,"£89,990",2017,"26,000",VAS VEHICLE SOLUTIONS LTD
BENTLEY BENTAYGA W12 SPEED,"£102,990",2019,"42,000",VAS VEHICLE SOLUTIONS LTD
BENTLEY CONTINENTAL GT W12,"£146,950",2019,"6,609",ROMANS INTERNATIONAL
BENTLEY CONTINENTAL GTC 6.0 W12 SUPERSPORTS 2DR AUTO AUTOMATIC CONVERTIBLE AVAILABLE FROM LAMBORGHINI TUNBRIDGE WELLS,"£132,500",2019,"17,418",GRANGE LAMBORGHINI TUNBRIDGE WELLS
BENTLEY CONTINENTAL GT SPEED,"£61,995",2015,"40,198",THE SUPERCAR ROOMS
2018/18 BENTLEY CONTINENTAL GT MULLINER,"£119,950",2018,"21,500",TOM HARTLEY
BENTLEY CONTINENTAL GT FOR SALE,"£139,495",2018,"8,352",AMARI SUPERCARS
BENTLEY CONTINENTAL GT FOR SALE,"£139,995",2019,"9,308",AMARI SUPERCARS
BENTLEY CONTINENTAL 4.0 V8 GT AUTO 4WD EURO 6 2DR,"£84,950",2016,"21,456",REDLINE SPECIALIST CARS
BENTLEY CONTINENTAL GT FOR SALE,"£159,995",2019,"4,276",AMARI SUPERCARS
2019 BENTLEY CONTINENTAL W12 GTC FIRST EDITION ULEZ,"£174,950",2019,"9,117",SCUDERIA PRESTIGE
2020 BENTLEY CONTINENTAL GTC V8 ULEZ,"£179,950",2020,"3,605",SCUDERIA PRESTIGE
2021 BENTLEY CONTINENTAL V8 GTC MULLINER ULEZ,"£184,950",2021,"12,601",SCUDERIA PRESTIGE
BENTLEY CONTINENTAL GT 4.0 V8 - MULLINER DRIVING SPECIFICATION AUTOMATIC 2 DOOR COUPÃ© AVAILABLE FROM LAMBORGHINI TUNBRIDGE WELLS,"£169,000",2021,"4,470",GRANGE LAMBORGHINI TUNBRIDGE WELLS
BENTLEY CONTINENTAL GTC 6.0 W12 - MULLINER DRIVING SPECIFICATION AUTOMATIC 2 DOOR CONVERTIBLE AVAILABLE FROM LAMBORGHINI TUNBRIDGE WELLS,"£159,995",2020,"9,179",GRANGE LAMBORGHINI TUNBRIDGE WELLS
BENTLEY CONTINENTAL GT 6.0 W12 - MULLINER DRIVING SPECIFICATION AUTOMATIC 2 DOOR COUPÃ© AVAILABLE FROM LAMBORGHINI TUNBRIDGE WELLS,"£128,950",2018,"28,690",GRANGE LAMBORGHINI TUNBRIDGE WELLS
BENTLEY CONTINENTAL GT 6.0 W12 - MULLINER DRIVING SPECIFICATION WITH BLACK AND POLISHED EDGE ALLOY WHEELS AUTOMATIC 2 DOOR COUPÃ© AVAILABLE FROM LAMBORGHINI TUNBRIDGE WELLS,"£118,990",2018,"39,000",GRANGE LAMBORGHINI TUNBRIDGE WELLS
BENTLEY CONTINENTAL GTC 4.0 V8 S - MULLINER DRIVING SPEC AUTOMATIC 2 DOOR CONVERTIBLE AVAILABLE FROM LAMBORGHINI TUNBRIDGE WELLS,"£92,500",2018,"11,200",GRANGE LAMBORGHINI TUNBRIDGE WELLS
