Car Name,Brand,Price,Mileage,Dealer
,maserati,,,
,maserati,,,
,maserati,,,
,maserati,,,
,maserati,,,
,maserati,,,
,maserati,,,
,maserati,,,
,maserati,,,
,maserati,,,
,maserati,,,
,maserati,,,
,maserati,,,
,maserati,,,
,maserati,,,
,maserati,,,
,maserati,,,
,maserati,,,
,maserati,,,
,maserati,,,
,maserati,,,
,maserati,,,
,maserati,,,
,maserati,,37 miles,Ferrari of Fort Lauderdale/ FL
2025 Maserati Grecale,maserati,"$91,055",188 miles,Ferrari of Fort Lauderdale/ FL
2025 Maserati Grecale,maserati,"$87,305",346 miles,Ferrari of Fort Lauderdale/ FL
2025 Maserati Grecale,maserati,"$100,515",18 miles,Ferrari of Fort Lauderdale/ FL
2022 Maserati Quattroporte Modena,maserati,"$51,820","44,571 miles",Ferrari of Fort Lauderdale/ FL
2022 Maserati Levante Modena,maserati,"$44,900","31,730 miles",Ferrari of Fort Lauderdale/ FL
2022 Maserati Quattroporte Modena,maserati,"$50,900","27,036 miles",Ferrari of Fort Lauderdale/ FL
2022 Maserati Levante,maserati,"$41,800","21,490 miles",Ferrari of Fort Lauderdale/ FL
2024 Maserati GranTurismo,maserati,"$83,750","12,553 miles",Ferrari of Fort Lauderdale/ FL
2022 Maserati Quattroporte Modena,maserati,"$52,850","29,183 miles",Ferrari of Fort Lauderdale/ FL
2023 Maserati MC20,maserati,"$210,000","3,519 miles",Sarchione Auto Gallery
2024 Maserati Levante Trofeo,maserati,"$128,856",5 miles,Criswell Automotive
2021 Maserati Quattroporte S,maserati,"$41,995","36,974 miles",Formula Imports
2023 Maserati MC20,maserati,"$210,000","3,519 miles",Sarchione Auto Gallery
2013 Maserati GranTurismo Sport,maserati,"$43,990","11,792 miles",Ferrari of Las Vegas
2025 Maserati Grecale,maserati,"$87,775",20 miles,Ferrari of Fort Lauderdale
2025 Maserati Grecale,maserati,"$89,805",17 miles,Ferrari of Fort Lauderdale/ FL
2023 Maserati MC20 Cielo,maserati,"$224,900",369 miles,Ferrari of Fort Lauderdale/ FL
2026 Maserati GranTurismo,maserati,"$156,345",34 miles,Ferrari of Fort Lauderdale/ FL
2024 Maserati Ghibli,maserati,"$112,495",34 miles,Ferrari of Fort Lauderdale/ FL
2025 Maserati Grecale,maserati,"$81,045",404 miles,Ferrari of Fort Lauderdale/ FL
2026 Maserati GranTurismo,maserati,"$156,345",45 miles,Ferrari of Fort Lauderdale/ FL
2022 Maserati Levante,maserati,"$41,800","21,885 miles",Ferrari of Fort Lauderdale/ FL
2026 Maserati GranTurismo,maserati,"$156,345",35 miles,Ferrari of Fort Lauderdale/ FL
2022 Maserati Levante,maserati,"$40,370","41,376 miles",Ferrari of Fort Lauderdale/ FL
2022 Maserati Levante,maserati,"$41,900","23,153 miles",Ferrari of Fort Lauderdale/ FL
2024 Maserati GranTurismo Trofeo,maserati,"$115,700","16,125 miles",Ferrari of Fort Lauderdale/ FL
2022 Maserati Levante Modena,maserati,"$46,800","16,944 miles",Ferrari of Fort Lauderdale/ FL
2022 Maserati Quattroporte GT,maserati,"$47,500","19,006 miles",Ferrari of Fort Lauderdale/ FL
2022 Maserati Levante Modena,maserati,"$46,900","19,299 miles",Ferrari of Fort Lauderdale/ FL
2025 Maserati Grecale,maserati,Call for Price,5 miles,Ferrari of Fort Lauderdale/ FL
2023 Maserati MC20 Cielo,maserati,Call for Price,"1,717 miles",Patton Motors/ Florida
2019 Maserati GranTurismo Sport,maserati,"$55,700","47,761 miles","Auto Sport Classics, Exotic and Highline/ FL"
2012 Maserati GranTurismo Sport,maserati,"$29,900","40,195 miles","Auto Sport Classics, Exotic and Highline/ FL"
2018 Maserati GranTurismo Sport,maserati,"$38,600","49,989 miles","Auto Sport Classics, Exotic and Highline/ FL"
2016 Maserati Quattroporte S,maserati,"$22,900","22,848 miles","Auto Sport Classics, Exotic and Highline/ FL"
2025 Maserati Grecale,maserati,"$77,900",15 miles,Ferrari of Central Florida/ FL
2025 Maserati Grecale,maserati,"$73,425","6,502 miles",Ferrari of Central Florida/ FL
2025 Maserati Grecale,maserati,"$86,065",19 miles,Ferrari of Central Florida/ FL
2025 Maserati Grecale,maserati,"$77,900",299 miles,Ferrari of Central Florida/ FL
2022 Maserati Quattroporte Modena,maserati,Call for Price,"42,193 miles",Ferrari of Central Florida/ FL
2025 Maserati Grecale,maserati,"$84,915",995 miles,Ferrari of Central Florida/ FL
2025 Maserati Grecale,maserati,"$80,850",103 miles,Ferrari of Central Florida/ FL
2023 Maserati MC20,maserati,"$210,000","3,519 miles",Sarchione Auto Gallery
2025 Maserati Grecale,maserati,"$81,925","5,716 miles",Ferrari of Central Florida
2024 Maserati Levante Trofeo,maserati,"$128,856",5 miles,Criswell Automotive
2023 Maserati MC20,maserati,"$210,000","3,519 miles",Sarchione Auto Gallery
2022 Maserati Levante,maserati,"$38,494","30,274 miles",Criswell Automotive
2025 Maserati Grecale,maserati,"$96,905",40 miles,Miller Motorcars
2025 Maserati Grecale,maserati,"$77,900",11 miles,Ferrari of Central Florida/ FL
2021 Maserati Levante S,maserati,"$39,995","33,829 miles",Ferrari of Central Florida/ FL
2022 Maserati MC20,maserati,"$179,995","3,625 miles",Ferrari of Central Florida/ FL
2025 Maserati Grecale,maserati,Call for Price,19 miles,Ferrari of Central Florida/ FL
2025 Maserati Grecale,maserati,"$74,895","1,129 miles",Ferrari of Central Florida/ FL
2025 Maserati Grecale,maserati,"$86,175",18 miles,Ferrari of Central Florida/ FL
2025 Maserati Grecale,maserati,"$81,550",81 miles,Ferrari of Central Florida/ FL
2025 Maserati Grecale,maserati,"$97,055","4,653 miles",Ferrari of Central Florida/ FL
2022 Maserati Levante,maserati,Call for Price,"30,822 miles",Ferrari of Central Florida/ FL
2025 Maserati Grecale,maserati,"$77,900",14 miles,Ferrari of Central Florida/ FL
2021 Maserati Levante,maserati,"$39,895","31,419 miles",Ferrari of Central Florida/ FL
2025 Maserati Grecale,maserati,"$77,900",22 miles,Ferrari of Central Florida/ FL
2025 Maserati Grecale,maserati,"$81,925","5,716 miles",Ferrari of Central Florida/ FL
2025 Maserati Grecale,maserati,"$74,895","1,572 miles",Ferrari of Central Florida/ FL
2025 Maserati Grecale,maserati,"$75,150",27 miles,Ferrari of Central Florida/ FL
2025 Maserati Grecale,maserati,"$81,925","2,850 miles",Ferrari of Central Florida/ FL
2022 Maserati Levante,maserati,"$39,895","22,455 miles",Ferrari of Central Florida/ FL
2025 Maserati Grecale,maserati,"$77,900","1,731 miles",Ferrari of Central Florida/ FL
2015 Maserati GranTurismo,maserati,"$62,995","14,482 miles",European Exotic Center/ FL
2025 Maserati Grecale,maserati,Call for Price,7 miles,Ferrari of Atlanta/ GA
2025 Maserati Grecale,maserati,"$66,990",5 miles,Ferrari of Atlanta/ GA
2018 Maserati GranTurismo Sport,maserati,"$49,990","25,096 miles",Ferrari of Atlanta/ GA
2022 Maserati Levante Modena,maserati,"$42,990","27,135 miles",Ferrari of Atlanta/ GA
2023 Maserati Grecale Trofeo,maserati,"$56,990","25,446 miles",Ferrari of Atlanta/ GA
2025 Maserati Grecale,maserati,"$82,085",9 miles,Ferrari of Atlanta/ GA
2022 Maserati Levante,maserati,Call for Price,"27,109 miles",Ferrari of Atlanta/ GA
2025 Maserati Grecale,maserati,"$98,505",Call for miles,Ferrari of Atlanta/ GA
2023 Maserati MC20,maserati,"$210,000","3,519 miles",Sarchione Auto Gallery
1964 Maserati Sebring,maserati,"$119,500",Call for miles,Gullwing Motor Cars
2025 Maserati Grecale Folgore,maserati,"$79,454",187 miles,Miller Motorcars
2023 Maserati MC20,maserati,"$210,000","3,519 miles",Sarchione Auto Gallery
2025 Maserati Grecale,maserati,"$91,535",8 miles,Ferrari Dallas
2019 Maserati Levante,maserati,"$48,628","23,456 miles",Criswell Automotive
2025 Maserati Grecale,maserati,Call for Price,8 miles,Ferrari of Atlanta/ GA
2025 Maserati Grecale,maserati,Call for Price,8 miles,Ferrari of Atlanta/ GA
2025 Maserati Grecale,maserati,"$66,995",14 miles,Ferrari of Atlanta/ GA
2025 Maserati Grecale,maserati,"$88,550",5 miles,Ferrari of Atlanta/ GA
2022 Maserati Ghibli,maserati,"$41,990","28,193 miles",Ferrari of Atlanta/ GA
2024 Maserati Ghibli,maserati,"$64,990","2,664 miles",Ferrari of Atlanta/ GA
2022 Maserati Levante Modena,maserati,"$36,490","40,540 miles",Ferrari of Atlanta/ GA
2021 Maserati Quattroporte S,maserati,"$41,995","36,974 miles",Formula Imports/ NC
2023 Maserati MC20 Cielo,maserati,"$234,996","6,148 miles",McLaren Charlotte/ NC
2024 Maserati MC20,maserati,Call for Price,802 miles,Foreign Cars Charlotte/ NC
2023 Maserati MC20 Cielo,maserati,"$219,996","3,896 miles",McLaren Charlotte/ NC
2022 Maserati Ghibli,maserati,"$46,495","17,931 miles",Foreign Cars Charlotte/ NC
2025 Maserati Grecale,maserati,"$67,795","5,254 miles",Foreign Cars Charlotte/ NC
2026 Maserati GranCabrio,maserati,Call for Price,29 miles,Foreign Cars Charlotte/ NC
2024 Maserati Levante,maserati,"$79,500","19,500 miles",Foreign Cars Charlotte/ NC
2022 Maserati Levante,maserati,"$37,889","33,909 miles",Foreign Cars Charlotte/ NC
2022 Maserati Ghibli,maserati,"$41,995","34,275 miles",Foreign Cars Charlotte/ NC
2023 Maserati MC20,maserati,"$216,795",596 miles,Foreign Cars Charlotte/ NC
2020 Maserati Levante S,maserati,"$36,995","30,175 miles",Foreign Cars Charlotte/ NC
2025 Maserati Grecale,maserati,Call for Price,15 miles,Foreign Cars Charlotte/ NC
2025 Maserati Grecale,maserati,Call for Price,75 miles,Foreign Cars Charlotte/ NC
2024 Maserati Levante,maserati,Call for Price,15 miles,Foreign Cars Charlotte/ NC
2024 Maserati Levante,maserati,Call for Price,Call for miles,Foreign Cars Charlotte/ NC
2018 Maserati GranTurismo Sport,maserati,"$50,990","16,261 miles",HyperCars/ IN
2020 Maserati Levante,maserati,"$28,990","58,874 miles",HyperCars/ IN
2018 Maserati Levante,maserati,"$20,990","75,146 miles",HyperCars/ IN
2024 Maserati Levante Trofeo,maserati,"$128,856",5 miles,Criswell Automotive/ MD
2023 Maserati MC20,maserati,"$210,000","3,519 miles",Sarchione Auto Gallery
2022 Maserati Quattroporte GT,maserati,"$47,500","19,006 miles",Ferrari of Fort Lauderdale
2025 Maserati Grecale,maserati,"$85,245",5 miles,Criswell Automotive
2023 Maserati MC20,maserati,"$210,000","3,519 miles",Sarchione Auto Gallery
2024 Maserati Levante,maserati,"$79,895",5 miles,Criswell Automotive
2023 Maserati MC20 Cielo,maserati,Call for Price,"1,717 miles",Patton Motors
2024 Maserati Grecale,maserati,"$68,775",5 miles,Criswell Automotive/ MD
2024 Maserati Levante Trofeo,maserati,"$128,856",5 miles,Criswell Automotive/ MD
2024 Maserati Levante Trofeo,maserati,"$128,856",5 miles,Criswell Automotive/ MD
2025 Maserati Grecale,maserati,"$84,095",5 miles,Criswell Automotive/ MD
2025 Maserati Grecale,maserati,"$85,245",5 miles,Criswell Automotive/ MD
2025 Maserati Grecale,maserati,Call for Price,5 miles,Criswell Automotive/ MD
2024 Maserati Levante Trofeo,maserati,"$128,856",5 miles,Criswell Automotive/ MD
2024 Maserati Levante Trofeo,maserati,"$128,856",5 miles,Criswell Automotive/ MD
2022 Maserati Ghibli,maserati,"$48,998","12,106 miles",Criswell Automotive/ MD
2019 Maserati Levante,maserati,"$48,628","23,456 miles",Criswell Automotive/ MD
2022 Maserati Quattroporte Modena,maserati,"$52,311","20,746 miles",Criswell Automotive/ MD
2024 Maserati Levante Trofeo,maserati,"$128,856",5 miles,Criswell Automotive/ MD
2024 Maserati Levante Trofeo,maserati,"$128,856",5 miles,Criswell Automotive/ MD
2023 Maserati Levante Modena,maserati,"$79,998",5 miles,Criswell Automotive/ MD
2025 Maserati Grecale Trofeo,maserati,"$119,160",5 miles,Criswell Automotive/ MD
2024 Maserati Levante Trofeo,maserati,"$128,856",5 miles,Criswell Automotive/ MD
2025 Maserati Grecale,maserati,"$85,245",5 miles,Criswell Automotive/ MD
2024 Maserati Levante Trofeo,maserati,"$128,856",5 miles,Criswell Automotive/ MD
2022 Maserati Quattroporte Modena,maserati,"$54,777","11,790 miles",Criswell Automotive/ MD
2024 Maserati Levante Trofeo,maserati,"$128,856",5 miles,Criswell Automotive/ MD
2025 Maserati Grecale,maserati,"$83,080",5 miles,Criswell Automotive/ MD
2024 Maserati Grecale,maserati,"$72,998",5 miles,Criswell Automotive/ MD
2024 Maserati Levante,maserati,"$77,887",5 miles,Criswell Automotive/ MD
2024 Maserati Levante,maserati,"$79,895",5 miles,Criswell Automotive/ MD
2024 Maserati Levante Modena,maserati,"$97,854",5 miles,Criswell Automotive/ MD
2024 Maserati Levante Trofeo,maserati,"$128,856",5 miles,Criswell Automotive/ MD
2022 Maserati Levante,maserati,"$39,239","31,576 miles",Criswell Automotive/ MD
2023 Maserati MC20,maserati,"$210,000","3,519 miles",Sarchione Auto Gallery
2022 Maserati Quattroporte Trofeo,maserati,"$79,990","12,354 miles",San Francisco Exotic Cars
2021 Maserati Levante S,maserati,"$41,901","32,577 miles",Criswell Automotive
2023 Maserati MC20,maserati,"$210,000","3,519 miles",Sarchione Auto Gallery
2022 Maserati Levante Modena,maserati,"$48,999","23,097 miles",Exotic Motorcars of Michigan
2023 Maserati Levante F Tributo,maserati,"$59,900","4,683 miles",Miller Motorcars
2022 Maserati Levante Modena,maserati,"$39,998","37,248 miles",Criswell Automotive/ MD
2021 Maserati Levante S,maserati,"$41,901","32,577 miles",Criswell Automotive/ MD
2025 Maserati Grecale,maserati,"$85,245",5 miles,Criswell Automotive/ MD
2025 Maserati Grecale,maserati,"$87,030",5 miles,Criswell Automotive/ MD
2024 Maserati Levante Trofeo,maserati,"$128,856",5 miles,Criswell Automotive/ MD
2023 Maserati Ghibli,maserati,"$65,887",5 miles,Criswell Automotive/ MD
2024 Maserati Levante,maserati,"$79,566",5 miles,Criswell Automotive/ MD
2024 Maserati Ghibli,maserati,"$83,566",5 miles,Criswell Automotive/ MD
2024 Maserati Levante Modena,maserati,"$88,687",5 miles,Criswell Automotive/ MD
2024 Maserati Levante Trofeo,maserati,"$128,856",5 miles,Criswell Automotive/ MD
2022 Maserati Levante,maserati,"$38,494","30,274 miles",Criswell Automotive/ MD
2020 Maserati Ghibli,maserati,"$27,991","25,738 miles",ABZ Motors/ TX
2023 Maserati MC20,maserati,"$179,900","7,086 miles",McLaren Philadelphia/ PA
2023 Maserati MC20,maserati,"$210,000","3,519 miles",Sarchione Auto Gallery/ OH
2018 Maserati GranTurismo,maserati,"$57,995","29,676 miles",Perfect Auto Collection/ OH
2023 Maserati MC20,maserati,"$189,890","2,526 miles",Cavallino Rosso St. Louis/ MO
2022 Maserati Levante,maserati,"$43,450","23,457 miles",Marshall Goldman Motor Sales/ OH
2012 Maserati GranTurismo S,maserati,"$35,990","18,518 miles",Marshall Goldman Motor Sales/ OH
2024 Maserati MC20 Cielo,maserati,"$229,990",789 miles,Marshall Goldman Motor Sales/ OH
2025 Maserati Grecale Folgore,maserati,"$100,000",93 miles,Cleveland Motorsports/ OH
2024 Maserati Grecale,maserati,"$78,225","4,801 miles",Cleveland Motorsports/ OH
2024 Maserati Grecale Trofeo,maserati,"$110,837","6,182 miles",Cleveland Motorsports/ OH
2026 Maserati GranTurismo,maserati,"$158,015",39 miles,Cleveland Motorsports/ OH
2022 Maserati Levante Modena,maserati,"$45,000","25,225 miles",Cleveland Motorsports/ OH
2024 Maserati Grecale,maserati,"$52,000","6,385 miles",Cleveland Motorsports/ OH
2024 Maserati Grecale,maserati,"$51,500","5,955 miles",Cleveland Motorsports/ OH
2024 Maserati Grecale,maserati,"$85,000","7,595 miles",Cleveland Motorsports/ OH
2023 Maserati MC20,maserati,"$210,000","3,519 miles",Sarchione Auto Gallery
2022 Maserati Quattroporte Modena,maserati,"$50,900","27,036 miles",Ferrari of Fort Lauderdale
2024 Maserati Grecale,maserati,"$91,850",14 miles,Gold Coast Maserati - Alfa Romeo
2023 Maserati MC20,maserati,"$210,000","3,519 miles",Sarchione Auto Gallery
2024 Maserati Grecale,maserati,"$91,850",14 miles,Gold Coast Maserati - Alfa Romeo
2022 Maserati Levante Modena,maserati,"$46,900","19,299 miles",Ferrari of Fort Lauderdale
2024 Maserati GranCabrio,maserati,"$195,000",235 miles,Cleveland Motorsports/ OH
2024 Maserati Grecale,maserati,"$50,000","7,044 miles",Cleveland Motorsports/ OH
2024 Maserati Grecale Trofeo,maserati,"$112,042","4,578 miles",Cleveland Motorsports/ OH
1967 Maserati Mistral,maserati,"$67,500",Call for miles,Gullwing Motor Cars/ NY
1964 Maserati Mistral,maserati,"$495,000",Call for miles,Gullwing Motor Cars/ NY
1970 Maserati Ghibli,maserati,"$89,500",Call for miles,Gullwing Motor Cars/ NY
1966 Maserati Sebring,maserati,"$129,500","35,985 miles",Gullwing Motor Cars/ NY
1960 Maserati 3500GT,maserati,"$595,000",Call for miles,Gullwing Motor Cars/ NY
1968 Maserati Mistral,maserati,"$67,500",Call for miles,Gullwing Motor Cars/ NY
1964 Maserati Sebring,maserati,"$119,500",Call for miles,Gullwing Motor Cars/ NY
1967 Maserati Ghibli,maserati,"$139,500",Call for miles,Gullwing Motor Cars/ NY
1974 Maserati Bora,maserati,"$119,500",Call for miles,Gullwing Motor Cars/ NY
1967 Maserati Mistral,maserati,"$56,500",Call for miles,Gullwing Motor Cars/ NY
1964 Maserati 3500GTi,maserati,"$169,500",Call for miles,Gullwing Motor Cars/ NY
2024 Maserati Grecale,maserati,"$91,850",14 miles,Gold Coast Maserati - Alfa Romeo/ NY
2024 Maserati GranTurismo Trofeo,maserati,Call for Price,"4,610 miles",Gold Coast Maserati - Alfa Romeo/ NY
2023 Maserati MC20 Cielo,maserati,"$219,900",717 miles,Ferrari of Long Island/ NY
2023 Maserati MC20,maserati,"$185,000","5,277 miles",Ferrari of Long Island/ NY
2022 Maserati MC20,maserati,"$175,500","1,521 miles",Ferrari of Long Island/ NY
2022 Maserati Ghibli,maserati,"$46,400","10,570 miles",Ferrari of Long Island/ NY
2018 Maserati GranTurismo,maserati,"$65,900","7,196 miles",Tactical Fleet/ TX
2024 Maserati MC20,maserati,"$234,900",689 miles,Tactical Fleet/ TX
2023 Maserati Ghibli,maserati,"$49,900","8,610 miles",Ferrari Dallas/ TX
2023 Maserati Ghibli,maserati,"$49,900","18,108 miles",Ferrari Dallas/ TX
2023 Maserati Ghibli,maserati,"$59,995","14,812 miles",Ferrari Dallas/ TX
2025 Maserati Grecale,maserati,"$90,385",8 miles,Ferrari Dallas/ TX
2025 Maserati Grecale,maserati,"$76,400",20 miles,Ferrari Dallas/ TX
2023 Mercedes-Benz Metris,mercedes-benz,"$212,000","4,414 miles",FariCars
2023 Mercedes-Benz Metris,mercedes-benz,"$252,040",50 miles,FariCars
2021 Mercedes-Benz AMG GT Black Series,mercedes-benz,"$680,000",353 miles,Sarchione Auto Gallery
2026 Mercedes-Benz Sprinter,mercedes-benz,"$168,420",35 miles,Dave Arbogast Luxury Vehicles
2023 Mercedes-Benz Metris,mercedes-benz,Call for Price,"1,100 miles",FariCars
2023 Mercedes-Benz Metris,mercedes-benz,"$252,040","1,500 miles",FariCars
2025 Mercedes-Benz G 550,mercedes-benz,"$162,950","5,861 miles",Private seller/ FL
2015 Mercedes-Benz SLS AMG GT,mercedes-benz,Call for Price,"11,132 miles",SOMO/ FL
1968 Mercedes-Benz 280 SL,mercedes-benz,Call for Price,"71,427 miles",SOMO/ FL
2025 Mercedes-Benz G-Class,mercedes-benz,"$229,950","4,723 miles",Private seller/ FL
2022 Mercedes-Benz G63 AMG,mercedes-benz,Call for Price,"12,870 miles",SOMO/ FL
2022 Mercedes-Benz E-Class,mercedes-benz,"$36,950","22,861 miles",Private seller/ FL
2025 Mercedes-Benz AMG GT 63,mercedes-benz,"$285,000",28 miles,Speedart Motorsports/ FL
1968 Mercedes-Benz 280 SL,mercedes-benz,Call for Price,"20,100 miles",SOMO/ FL
2025 Mercedes-Benz G63 AMG,mercedes-benz,"$599,980",426 miles,Limited Spec Automotive/ FL
2023 Mercedes-Benz Metris,mercedes-benz,"$149,980",28 miles,Limited Spec Automotive/ FL
2025 Mercedes-Benz G63 AMG,mercedes-benz,"$259,980",193 miles,Limited Spec Automotive/ FL
2025 Mercedes-Benz G63 AMG,mercedes-benz,"$599,980",808 miles,Limited Spec Automotive/ FL
2025 Mercedes-Benz G63 AMG,mercedes-benz,"$599,980",912 miles,Limited Spec Automotive/ FL
2025 Mercedes-Benz G63 AMG,mercedes-benz,"$299,980",320 miles,Limited Spec Automotive/ FL
2022 Mercedes-Benz G63 AMG,mercedes-benz,"$184,980","18,387 miles",Limited Spec Automotive/ FL
2020 Mercedes-Benz Metris,mercedes-benz,"$69,980","51,392 miles",Limited Spec Automotive/ FL
2026 Mercedes-Benz G-Class,mercedes-benz,Call for Price,15 miles,Limited Spec Automotive/ FL
2026 Mercedes-Benz G63 AMG,mercedes-benz,"$259,980",103 miles,Limited Spec Automotive/ FL
2025 Mercedes-Benz G63 AMG,mercedes-benz,"$499,980",135 miles,Limited Spec Automotive/ FL
2025 Mercedes-Benz G63 AMG,mercedes-benz,"$459,980",20 miles,Limited Spec Automotive/ FL
2023 Mercedes-Benz Metris,mercedes-benz,"$149,980","6,889 miles",Limited Spec Automotive/ FL
2026 Mercedes-Benz Maybach SL 680,mercedes-benz,"$299,980",15 miles,Limited Spec Automotive/ FL
2022 Mercedes-Benz AMG SL 63,mercedes-benz,"$249,980","8,679 miles",Limited Spec Automotive/ FL
2025 Mercedes-Benz G63 AMG,mercedes-benz,"$499,980",231 miles,Limited Spec Automotive/ FL
2025 Mercedes-Benz G63 AMG,mercedes-benz,"$499,980","2,075 miles",Limited Spec Automotive/ FL
2022 Mercedes-Benz Sprinter,mercedes-benz,"$139,980",101 miles,Limited Spec Automotive/ FL
2026 Mercedes-Benz G63 AMG,mercedes-benz,"$259,980",25 miles,Limited Spec Automotive/ FL
2023 Mercedes-Benz Metris,mercedes-benz,"$199,000","3,400 miles",FariCars
2023 Mercedes-Benz Metris,mercedes-benz,"$244,840",425 miles,FariCars
2023 Mercedes-Benz Metris,mercedes-benz,"$252,040",50 miles,FariCars
2022 Mercedes-Benz Sprinter,mercedes-benz,"$246,460",50 miles,FariCars
2023 Mercedes-Benz Metris,mercedes-benz,"$244,840",425 miles,FariCars
2026 Mercedes-Benz Sprinter,mercedes-benz,"$180,540",33 miles,Dave Arbogast Luxury Vehicles
2026 Mercedes-Benz G63 AMG,mercedes-benz,"$269,980",43 miles,Limited Spec Automotive/ FL
2026 Mercedes-Benz G63 AMG,mercedes-benz,"$269,980",14 miles,Limited Spec Automotive/ FL
2025 Mercedes-Benz G63 AMG,mercedes-benz,"$499,980",593 miles,Limited Spec Automotive/ FL
2025 Mercedes-Benz G63 AMG,mercedes-benz,"$259,980",380 miles,Limited Spec Automotive/ FL
2025 Mercedes-Benz G-Class,mercedes-benz,"$229,980","1,140 miles",Limited Spec Automotive/ FL
2025 Mercedes-Benz G63 AMG,mercedes-benz,"$459,980",19 miles,Limited Spec Automotive/ FL
2026 Mercedes-Benz G63 AMG,mercedes-benz,Call for Price,11 miles,Limited Spec Automotive/ FL
2023 Mercedes-Benz Maybach S 680,mercedes-benz,"$159,980","34,200 miles",Limited Spec Automotive/ FL
2022 Mercedes-Benz Maybach S 580,mercedes-benz,"$139,980","14,982 miles",Limited Spec Automotive/ FL
1992 Mercedes-Benz 250 GD,mercedes-benz,"$189,980",12 miles,Limited Spec Automotive/ FL
2025 Mercedes-Benz Sprinter,mercedes-benz,"$251,950",460 miles,Prestige Imports/ FL
2022 Mercedes-Benz G63 AMG,mercedes-benz,"$169,950","23,831 miles",Prestige Imports/ FL
2022 Mercedes-Benz G63 AMG,mercedes-benz,Call for Price,"38,572 miles",Prestige Imports/ FL
2022 Mercedes-Benz G63 AMG,mercedes-benz,"$179,950","5,762 miles",Prestige Imports/ FL
2022 Mercedes-Benz G63 AMG,mercedes-benz,"$167,950","25,536 miles",Prestige Imports/ FL
2022 Mercedes-Benz G63 AMG,mercedes-benz,"$186,950","16,295 miles",Prestige Imports/ FL
2020 Mercedes-Benz G63 AMG,mercedes-benz,"$159,950","8,519 miles",Prestige Imports/ FL
2025 Mercedes-Benz AMG GT 43,mercedes-benz,"$100,950","1,221 miles",Prestige Imports/ FL
2015 Mercedes-Benz G63 AMG,mercedes-benz,"$1,151,950","8,089 miles",Prestige Imports/ FL
2025 Mercedes-Benz S 580,mercedes-benz,"$117,950","6,968 miles",Prestige Imports/ FL
2021 Mercedes-Benz GLS-Class,mercedes-benz,"$80,950","32,589 miles",Prestige Imports/ FL
1991 Mercedes-Benz 250 GD,mercedes-benz,"$206,950",545 miles,Prestige Imports/ FL
2022 Mercedes-Benz G 550,mercedes-benz,"$129,950","14,252 miles",Prestige Imports/ FL
2018 Mercedes-Benz AMG GT,mercedes-benz,Call for Price,"5,579 miles",Prestige Imports/ FL
1993 Mercedes-Benz 250 GD,mercedes-benz,"$187,950",287 miles,Prestige Imports/ FL
2022 Mercedes-Benz Metris,mercedes-benz,"$69,950",243 miles,Prestige Imports/ FL
1990 Mercedes-Benz 190E EVO II,mercedes-benz,Call for Price,109 miles,Private seller
1969 Mercedes-Benz 280 SL,mercedes-benz,Call for Price,Call for miles,Silver Arrow Cars Ltd
2024 Mercedes-Benz Sprinter,mercedes-benz,"$209,000","5,505 miles",FariCars
2023 Mercedes-Benz Metris,mercedes-benz,"$244,840",425 miles,FariCars
2009 Mercedes-Benz SLR McLaren,mercedes-benz,Call for Price,"5,199 miles",Lamborghini Palm Beach
2021 Mercedes-Benz Metris,mercedes-benz,"$169,000","3,000 miles",FariCars
2023 Mercedes-Benz Metris,mercedes-benz,"$244,840",425 miles,FariCars
1989 Mercedes-Benz 190E EVO I,mercedes-benz,"$285,000","13,298 miles",Private seller
2024 Mercedes-Benz Sprinter,mercedes-benz,"$185,000 OBO",200 miles,Private seller
2022 Mercedes-Benz G 550,mercedes-benz,"$205,995",Call for miles,Lamborghini Broward/ FL
2023 Mercedes-Benz AMG GT 63,mercedes-benz,"$143,995","12,676 miles",Lamborghini Broward/ FL
2018 Mercedes-Benz AMG GT,mercedes-benz,"$79,995","18,417 miles",Lamborghini Broward/ FL
2021 Mercedes-Benz G63 AMG,mercedes-benz,"$159,995","18,151 miles",Lamborghini Broward/ FL
2026 Mercedes-Benz G63 AMG,mercedes-benz,"$689,000",67 miles,SoFlo Customs/ FL
2021 Mercedes-Benz Maybach GLS 600,mercedes-benz,Call for Price,"18,785 miles",1 of 1 Motor Sports/ FL
2021 Mercedes-Benz G63 AMG,mercedes-benz,"$219,000","29,073 miles",1 of 1 Motor Sports/ FL
2018 Mercedes-Benz AMG GT R,mercedes-benz,"$132,998","14,375 miles",1 of 1 Motor Sports/ FL
2022 Mercedes-Benz G63 AMG,mercedes-benz,"$179,998","11,713 miles",1 of 1 Motor Sports/ FL
2021 Mercedes-Benz GLE-Class,mercedes-benz,"$58,998","39,305 miles",1 of 1 Motor Sports/ FL
2021 Mercedes-Benz AMG GLS 63,mercedes-benz,Call for Price,"41,330 miles",1 of 1 Motor Sports/ FL
2025 Mercedes-Benz AMG GT 55,mercedes-benz,"$135,950","4,913 miles",Holman Motorcars Fort Lauderdale/ FL
2017 Mercedes-Benz G63 AMG,mercedes-benz,Call for Price,"7,861 miles",Fort Lauderdale Collection South/ FL
2023 Mercedes-Benz AMG GT 63,mercedes-benz,"$136,750","2,358 miles",Holman Motorcars Fort Lauderdale/ FL
2023 Mercedes-Benz G63 AMG,mercedes-benz,"$186,888","14,778 miles",Holman Motorcars Fort Lauderdale/ FL
2013 Mercedes-Benz G 500,mercedes-benz,Call for Price,"40,371 miles",Fort Lauderdale Collection South/ FL
2024 Mercedes-Benz Maybach S 680,mercedes-benz,"$199,998","18,760 miles",Carrio Motor Cars/ FL
2020 Mercedes-Benz GLB,mercedes-benz,Call for Price,"60,806 miles",Carrio Motor Cars/ FL
2021 Mercedes-Benz G 550,mercedes-benz,"$99,998","63,990 miles",Carrio Motor Cars/ FL
2019 Mercedes-Benz G 550,mercedes-benz,"$99,998","41,756 miles",Carrio Motor Cars/ FL
2023 Mercedes-Benz AMG GLE 53,mercedes-benz,"$65,998","36,746 miles",Carrio Motor Cars/ FL
2021 Mercedes-Benz Maybach GLS 600,mercedes-benz,"$99,998","51,699 miles",Carrio Motor Cars/ FL
2015 Mercedes-Benz SL-Class,mercedes-benz,"$24,998","61,099 miles",Carrio Motor Cars/ FL
2021 Mercedes-Benz G 550,mercedes-benz,"$99,998","67,441 miles",Carrio Motor Cars/ FL
2022 Mercedes-Benz G63 AMG 4x4 Squared,mercedes-benz,"$299,998","1,461 miles",Carrio Motor Cars/ FL
2023 Mercedes-Benz Metris,mercedes-benz,"$212,000","4,414 miles",FariCars
2024 Mercedes-Benz Sprinter,mercedes-benz,"$323,520",500 miles,FariCars
2025 Mercedes-Benz G 550,mercedes-benz,"$162,950","5,861 miles",Private seller
2006 Mercedes-Benz SLR McLaren,mercedes-benz,"$279,990","36,447 miles",O'Gara Westlake Village
2009 Mercedes-Benz SL65 AMG Black Series,mercedes-benz,"$499,900","6,147 miles",Driving Emotions
2025 Mercedes-Benz Sprinter,mercedes-benz,"$165,340",229 miles,Dave Arbogast Luxury Vehicles
2023 Mercedes-Benz G63 AMG 4x4 Squared,mercedes-benz,"$399,998","11,871 miles",Carrio Motor Cars/ FL
2017 Mercedes-Benz GLE-Class,mercedes-benz,Call for Price,"70,937 miles",Carrio Motor Cars/ FL
2011 Mercedes-Benz G55 AMG,mercedes-benz,"$59,998","73,163 miles",Carrio Motor Cars/ FL
2024 Mercedes-Benz G63 AMG,mercedes-benz,Call for Price,603 miles,Carrio Motor Cars/ FL
2021 Mercedes-Benz Maybach GLS 600,mercedes-benz,Call for Price,"45,698 miles",Carrio Motor Cars/ FL
2021 Mercedes-Benz G63 AMG,mercedes-benz,"$149,998","30,569 miles",Carrio Motor Cars/ FL
1992 Mercedes-Benz 250 GD,mercedes-benz,"$114,900","2,321 miles",Ferrari of Fort Lauderdale/ FL
2026 Mercedes-Benz GLE-Class,mercedes-benz,Call for Price,25 miles,Ferrari of Fort Lauderdale/ FL
1998 Mercedes-Benz G-Class,mercedes-benz,"$219,000","53,182 miles",Ferrari of Fort Lauderdale/ FL
2008 Mercedes-Benz SLR McLaren,mercedes-benz,"$449,900","4,304 miles",Ferrari of Fort Lauderdale/ FL
1994 Mercedes-Benz 290,mercedes-benz,"$125,000","47,521 miles",Ferrari of Fort Lauderdale/ FL
2014 Mercedes-Benz SLS AMG Black Series,mercedes-benz,"$879,900",785 miles,Ferrari of Fort Lauderdale/ FL
2015 Mercedes-Benz SLS AMG GT,mercedes-benz,"$469,900","3,483 miles",Ferrari of Fort Lauderdale/ FL
2021 Mercedes-Benz Maybach S 580,mercedes-benz,Call for Price,"27,148 miles",Fort Lauderdale Collection/ FL
2009 Mercedes-Benz SLR McLaren,mercedes-benz,Call for Price,"5,295 miles",Patton Motors/ Florida
1955 Mercedes-Benz 300 SL,mercedes-benz,Call for Price,"4,317 miles",Patton Motors/ Florida
1955 Mercedes-Benz 300 SL,mercedes-benz,Call for Price,51 miles,Patton Motors/ Florida
1956 Mercedes-Benz 190 SL,mercedes-benz,Call for Price,"75,797 miles",Patton Motors/ Florida
2013 Mercedes-Benz SLS AMG GT,mercedes-benz,Call for Price,"7,188 miles",Patton Motors/ Florida
1955 Mercedes-Benz 300 SL,mercedes-benz,Call for Price,"73,995 miles",Patton Motors/ Florida
2009 Mercedes-Benz SLR McLaren,mercedes-benz,Call for Price,"5,295 miles",Patton Motors/ Florida
2010 Mercedes-Benz M-Class,mercedes-benz,"$14,900","72,277 miles","Auto Sport Classics, Exotic and Highline/ FL"
1988 Mercedes-Benz SL-Class,mercedes-benz,"$24,900","97,533 miles","Auto Sport Classics, Exotic and Highline/ FL"
1989 Mercedes-Benz 560 SL,mercedes-benz,Call for Price,"22,440 miles",Private seller
2014 Mercedes-Benz SLS AMG Black Series,mercedes-benz,"$799,000","11,213 miles",Exotics Hunter/ FL
2011 Mercedes-Benz SLS AMG,mercedes-benz,"$205,000","22,421 miles",Exotics Hunter/ FL
2022 Mercedes-Benz AMG SL 63,mercedes-benz,"$120,000","12,015 miles",Exotics Hunter/ FL
1969 Mercedes-Benz 280 SL,mercedes-benz,Call for Price,Call for miles,Silver Arrow Cars Ltd
2023 Mercedes-Benz Metris,mercedes-benz,Call for Price,"1,100 miles",FariCars
2023 Mercedes-Benz Metris,mercedes-benz,"$252,040","1,500 miles",FariCars
2023 Mercedes-Benz Metris,mercedes-benz,"$169,000",580 miles,FariCars
2023 Mercedes-Benz Metris,mercedes-benz,"$252,040","1,500 miles",FariCars
2022 Mercedes-Benz Sprinter,mercedes-benz,"$246,460",50 miles,FariCars
2009 Mercedes-Benz SLR McLaren,mercedes-benz,Call for Price,"5,199 miles",Lamborghini Palm Beach/ FL
2025 Mercedes-Benz G63 AMG,mercedes-benz,"$231,951","1,637 miles",Lamborghini Palm Beach/ FL
2024 Mercedes-Benz G63 AMG,mercedes-benz,"$199,951","3,938 miles",Lamborghini Palm Beach/ FL
2025 Mercedes-Benz G63 AMG,mercedes-benz,"$247,951",85 miles,Lamborghini Palm Beach/ FL
2009 Mercedes-Benz SL65 AMG Black Series,mercedes-benz,"$499,900","6,147 miles",Driving Emotions/ FL
2013 Mercedes-Benz SLS AMG GT,mercedes-benz,"$329,900","5,460 miles",Driving Emotions/ FL
2018 Mercedes-Benz G65 AMG,mercedes-benz,"$189,900","27,041 miles",Driving Emotions/ FL
2021 Mercedes-Benz G63 AMG,mercedes-benz,"$209,900","14,819 miles",Driving Emotions/ FL
2017 Mercedes-Benz SL65 AMG,mercedes-benz,"$149,900","25,377 miles",Driving Emotions/ FL
2025 Mercedes-Benz GLS-Class,mercedes-benz,"$82,895","14,415 miles",Ferrari of Central Florida/ FL
2024 Mercedes-Benz G63 AMG,mercedes-benz,"$189,813","4,706 miles",ONE EXOTICS LLC/ FL
2021 Mercedes-Benz G 550,mercedes-benz,"$114,995","32,319 miles",European Exotic Center/ FL
2023 Mercedes-Benz SL-Class,mercedes-benz,Call for Price,"5,397 miles",Dimmitt Automotive Group/ FL
2025 Mercedes-Benz AMG SL 63,mercedes-benz,"$177,504","8,043 miles",Dimmitt Automotive Group/ FL
2021 Mercedes-Benz GLS-Class,mercedes-benz,Call for Price,"36,760 miles",Dimmitt Automotive Group/ FL
2024 Mercedes-Benz G63 AMG,mercedes-benz,"$199,900","6,950 miles",Dimmitt Automotive Group/ FL
2023 Mercedes-Benz Maybach GLS 600,mercedes-benz,"$134,880","13,514 miles",Dimmitt Automotive Group/ FL
2022 Mercedes-Benz EQS 580,mercedes-benz,"$52,274","20,368 miles",Dimmitt Automotive Group/ FL
2023 Mercedes-Benz E-Class,mercedes-benz,"$67,989","3,671 miles",Dimmitt Automotive Group/ FL
2019 Mercedes-Benz GLC-Class,mercedes-benz,"$19,991","53,440 miles",Village Toyota/ FL
2023 Mercedes-Benz GLS-Class,mercedes-benz,"$55,011","42,264 miles",Village Toyota/ FL
1995 Mercedes-Benz S 320,mercedes-benz,"$22,900","65,602 miles",Road Show International/ GA
2021 Mercedes-Benz Sprinter,mercedes-benz,"$139,900","12,662 miles",Road Show International/ GA
2023 Mercedes-Benz Maybach S 680,mercedes-benz,"$429,900","1,722 miles",Road Show International/ GA
2023 Mercedes-Benz Metris,mercedes-benz,"$159,900","14,665 miles",Road Show International/ GA
2023 Mercedes-Benz AMG SL 63,mercedes-benz,"$124,990","10,536 miles",Ferrari of Atlanta/ GA
2023 Mercedes-Benz GLC-Class,mercedes-benz,"$39,990","15,662 miles",Ferrari of Atlanta/ GA
2024 Mercedes-Benz Sprinter,mercedes-benz,"$209,000","5,505 miles",FariCars
1969 Mercedes-Benz 280 SL,mercedes-benz,Call for Price,Call for miles,Silver Arrow Cars Ltd
2023 Mercedes-Benz Metris,mercedes-benz,"$199,000","3,400 miles",FariCars
2014 Mercedes-Benz SLS AMG Black Series,mercedes-benz,"$799,000","11,213 miles",Exotics Hunter
2025 Mercedes-Benz G63 AMG,mercedes-benz,"$599,980",912 miles,Limited Spec Automotive
2021 Mercedes-Benz Metris,mercedes-benz,"$169,000","3,000 miles",FariCars
2021 Mercedes-Benz E-Class,mercedes-benz,Call for Price,"21,390 miles",Ferrari of Atlanta/ GA
2023 Mercedes-Benz Sprinter,mercedes-benz,"$162,000","11,151 miles",Formula Imports/ NC
2020 Mercedes-Benz GLS-Class,mercedes-benz,"$42,995","76,951 miles",Formula Imports/ NC
1992 Mercedes-Benz 500 E,mercedes-benz,"$56,500","85,693 miles",Formula Imports/ NC
2020 Mercedes-Benz GLE-Class,mercedes-benz,"$32,995","41,594 miles",Formula Imports/ NC
2022 Mercedes-Benz GLE-Class,mercedes-benz,"$64,500","24,662 miles",Formula Imports/ NC
2021 Mercedes-Benz G63 AMG,mercedes-benz,"$149,000","9,468 miles",Formula Imports/ NC
2020 Mercedes-Benz G 550,mercedes-benz,"$87,500","94,941 miles",Formula Imports/ NC
2025 Mercedes-Benz Sprinter,mercedes-benz,"$307,748",190 miles,McLaren Charlotte/ NC
2026 Mercedes-Benz Sprinter,mercedes-benz,"$233,068",83 miles,McLaren Charlotte/ NC
2018 Mercedes-Benz SL 550,mercedes-benz,"$45,299","60,543 miles",Foreign Cars Charlotte/ NC
2023 Mercedes-Benz S 500,mercedes-benz,"$89,996","14,178 miles",McLaren Charlotte/ NC
2025 Mercedes-Benz G63 AMG,mercedes-benz,"$239,996","1,056 miles",McLaren Charlotte/ NC
2026 Mercedes-Benz Sprinter,mercedes-benz,"$233,810",29 miles,McLaren Charlotte/ NC
2024 Mercedes-Benz AMG EQE,mercedes-benz,"$69,996","5,619 miles",McLaren Charlotte/ NC
2023 Mercedes-Benz G63 AMG,mercedes-benz,"$174,996","29,605 miles",McLaren Charlotte/ NC
2018 Mercedes-Benz Metris,mercedes-benz,"$114,996","2,861 miles",McLaren Charlotte/ NC
2026 Mercedes-Benz Sprinter,mercedes-benz,"$233,068",29 miles,McLaren Charlotte/ NC
2024 Mercedes-Benz Sprinter,mercedes-benz,"$159,996","7,134 miles",McLaren Charlotte/ NC
2025 Mercedes-Benz G63 AMG,mercedes-benz,"$239,996",945 miles,McLaren Charlotte/ NC
2022 Mercedes-Benz AMG SL 55,mercedes-benz,"$89,699","5,480 miles",Foreign Cars Charlotte/ NC
2021 Mercedes-Benz AMG GT 63,mercedes-benz,"$113,995","10,419 miles",Foreign Cars Charlotte/ NC
2023 Mercedes-Benz Metris,mercedes-benz,"$189,996",614 miles,McLaren Charlotte/ NC
2023 Mercedes-Benz G63 AMG,mercedes-benz,"$179,996","21,311 miles",McLaren Charlotte/ NC
2025 Mercedes-Benz G63 AMG,mercedes-benz,"$242,996",638 miles,McLaren Charlotte/ NC
2026 Mercedes-Benz Sprinter,mercedes-benz,"$199,996",508 miles,McLaren Charlotte/ NC
2023 Mercedes-Benz GLS-Class,mercedes-benz,"$57,996","35,420 miles",McLaren Charlotte/ NC
1969 Mercedes-Benz 280 SL,mercedes-benz,Call for Price,Call for miles,Silver Arrow Cars Ltd
2023 Mercedes-Benz Metris,mercedes-benz,"$199,000","3,400 miles",FariCars
2023 Mercedes-Benz Metris,mercedes-benz,"$252,040","1,500 miles",FariCars
2014 Mercedes-Benz SLS AMG Black Series,mercedes-benz,"$799,000","11,213 miles",Exotics Hunter
2023 Mercedes-Benz Metris,mercedes-benz,"$169,000",580 miles,FariCars
2025 Mercedes-Benz G63 AMG,mercedes-benz,"$599,980",912 miles,Limited Spec Automotive
2023 Mercedes-Benz GLS-Class,mercedes-benz,"$57,996","35,420 miles",McLaren Charlotte/ NC
2026 Mercedes-Benz Sprinter,mercedes-benz,"$199,996",508 miles,McLaren Charlotte/ NC
2024 Mercedes-Benz Sprinter,mercedes-benz,"$169,996","7,045 miles",McLaren Charlotte/ NC
2015 Mercedes-Benz S 550,mercedes-benz,"$39,995","24,840 miles",Foreign Cars Charlotte/ NC
2023 Mercedes-Benz G63 AMG,mercedes-benz,"$183,995","15,714 miles",Foreign Cars Charlotte/ NC
2022 Mercedes-Benz Sprinter,mercedes-benz,"$144,996","23,442 miles",McLaren Charlotte/ NC
2026 Mercedes-Benz Sprinter,mercedes-benz,"$233,068",32 miles,McLaren Charlotte/ NC
2023 Mercedes-Benz AMG E 63,mercedes-benz,"$103,995","13,417 miles",Foreign Cars Charlotte/ NC
2022 Mercedes-Benz G63 AMG,mercedes-benz,"$170,437","13,545 miles",Foreign Cars Charlotte/ NC
2022 Mercedes-Benz S 500,mercedes-benz,"$58,996","52,992 miles",McLaren Charlotte/ NC
2023 Mercedes-Benz EQS,mercedes-benz,"$74,996","27,906 miles",McLaren Charlotte/ NC
2023 Mercedes-Benz GLE-Class,mercedes-benz,"$72,996","24,540 miles",McLaren Charlotte/ NC
2012 Mercedes-Benz SLS AMG,mercedes-benz,Call for Price,"17,786 miles",Private seller
2005 Mercedes-Benz Unimog,mercedes-benz,"$259,999 OBO","2,590 miles",Private seller
2021 Mercedes-Benz G 550,mercedes-benz,"$117,990","41,395 miles",HyperCars/ IN
2016 Mercedes-Benz G63 AMG,mercedes-benz,"$66,990","69,551 miles",HyperCars/ IN
2020 Mercedes-Benz AMG S 65,mercedes-benz,"$114,995","52,802 miles",Exclusive Automotive Group/ VA
2022 Mercedes-Benz Maybach GLS 600,mercedes-benz,"$139,995","12,602 miles",Exclusive Automotive Group/ VA
2023 Mercedes-Benz AMG GT 63,mercedes-benz,"$169,995","35,431 miles",Exclusive Automotive Group/ VA
2021 Mercedes-Benz G63 AMG,mercedes-benz,"$199,995","9,938 miles",Exclusive Automotive Group/ VA
2023 Mercedes-Benz Maybach GLS 600,mercedes-benz,"$139,995","7,349 miles",Exclusive Automotive Group/ VA
2024 Mercedes-Benz AMG SL 43,mercedes-benz,"$87,950","2,493 miles",Marshall Goldman Baltimore/ MD
2024 Mercedes-Benz AMG GT 55,mercedes-benz,"$123,900","4,356 miles",Marshall Goldman Baltimore/ MD
2025 Mercedes-Benz G 550,mercedes-benz,"$174,900","5,605 miles",Marshall Goldman Baltimore/ MD
2025 Mercedes-Benz G63 AMG,mercedes-benz,"$217,990","8,839 miles",Marshall Goldman Baltimore/ MD
2014 Mercedes-Benz SLS AMG GT,mercedes-benz,"$329,900","2,767 miles",Marshall Goldman Baltimore/ MD
2018 Mercedes-Benz AMG GT S,mercedes-benz,"$89,750 OBO","21,000 miles",Private seller
2023 Bugatti Chiron,bugatti,"$5,999,998","1,012 miles",Carrio Motor Cars
2020 Bugatti Chiron,bugatti,"$3,599,998","2,854 miles",Carrio Motor Cars
2023 Bugatti Chiron,bugatti,"$4,699,998","1,456 miles",Carrio Motor Cars
2020 Bugatti Chiron,bugatti,"$3,599,998","2,854 miles",Carrio Motor Cars
2019 Bugatti Chiron,bugatti,"$3,400,000","4,790 miles",Exotics Hunter
2023 Bugatti Chiron,bugatti,"$4,699,998","1,456 miles",Carrio Motor Cars
2018 Bugatti Chiron,bugatti,"$3,225,980","7,480 miles",Limited Spec Automotive/ FL
2023 Bugatti Chiron,bugatti,"$4,399,980","5,800 miles",Limited Spec Automotive/ FL
2022 Bugatti Chiron,bugatti,Call for Price,"9,278 miles",Carrio Motor Cars/ FL
2023 Bugatti Chiron,bugatti,"$4,699,998","1,456 miles",Carrio Motor Cars/ FL
2023 Bugatti Chiron,bugatti,Call for Price,"6,827 miles",Carrio Motor Cars/ FL
2021 Bugatti Chiron,bugatti,Call for Price,"3,288 miles",Carrio Motor Cars/ FL
2020 Bugatti Chiron,bugatti,"$3,599,998","2,854 miles",Carrio Motor Cars/ FL
2023 Bugatti Chiron,bugatti,"$5,999,998","1,012 miles",Carrio Motor Cars/ FL
2021 Bugatti Chiron,bugatti,"$5,999,998","3,289 miles",Carrio Motor Cars/ FL
2023 Bugatti Chiron,bugatti,"$5,999,998","6,480 miles",Carrio Motor Cars/ FL
2024 Bugatti Chiron,bugatti,"$4,799,900",668 miles,Ferrari of Fort Lauderdale/ FL
1927 Bugatti Type 35,bugatti,Call for Price,10 miles,Patton Motors/ Florida
2019 Bugatti Chiron,bugatti,"$3,400,000","4,790 miles",Exotics Hunter/ FL
1934 Bugatti Type 57,bugatti,"$325,000",Call for miles,Gullwing Motor Cars/ NY
2020 Bugatti Chiron,bugatti,Call for Price,"4,835 miles",Miller Motorcars/ CT
1994 Bugatti EB 110,bugatti,Call for Price,981 miles,Miller Motorcars/ CT
2006 Bugatti Veyron,bugatti,"$2,175,000","3,350 miles",Miller Motorcars/ CT
2018 Bugatti Chiron,bugatti,Call for Price,"3,256 miles",Miller Motorcars/ CT
2018 Bugatti Chiron,bugatti,Call for Price,"30,293 miles",Broad Arrow Private Sales/ MI
2018 Bugatti Chiron,bugatti,Call for Price,"1,775 miles",Young Motorcars/ AZ
2021 Bugatti Chiron,bugatti,"$5,199,999","1,811 miles",Grand Touring Automobiles/ ON
2015 Audi R8,audi,"$189,000","6,068 miles",Heritage Cars
2025 Audi RS 6 Avant,audi,"$248,000",21 miles,Speedart Motorsports
2022 Audi R8,audi,"$145,999","29,352 miles",Celebrity Cars Las Vegas
2020 Audi R8,audi,"$179,995","19,367 miles",CLB Sportscars
2026 Audi RS 6 Avant,audi,Call for Price,9 miles,Audi Wesley Chapel
2026 Audi Q7,audi,Call for Price,9 miles,Porsche Exchange
2025 Audi RS 6 Avant,audi,Call for Price,743 miles,SOMO/ FL
2025 Audi RS 6 Avant,audi,"$248,000",21 miles,Speedart Motorsports/ FL
2025 Audi RS Q8 performance,audi,Call for Price,785 miles,SOMO/ FL
2022 Audi SQ5,audi,"$36,950","53,092 miles",Private seller/ FL
2023 Audi S5 Sportback,audi,"$52,950","4,669 miles",Prestige Imports/ FL
2022 Audi RS 6 Avant,audi,"$106,950","26,048 miles",Prestige Imports/ FL
2025 Audi RS Q8 performance,audi,"$149,950","2,217 miles",Prestige Imports/ FL
2025 Audi RS 6 Avant,audi,"$135,900","4,831 miles",1 of 1 Motor Sports/ FL
2024 Audi SQ8,audi,"$88,900","20,815 miles",Ferrari of Fort Lauderdale/ FL
2023 Audi R8,audi,"$284,900","3,759 miles",Ferrari of Fort Lauderdale/ FL
2022 Audi RS 7,audi,Call for Price,"11,584 miles",Patton Motors/ Florida
2022 Audi RS 6 Avant,audi,"$109,000","43,571 miles",Exotics Hunter/ FL
2017 Audi R8,audi,"$152,000","21,421 miles",Exotics Hunter/ FL
2023 Audi R8 V10 Performance,audi,"$189,900","4,932 miles",Driving Emotions/ FL
2020 Audi R8,audi,"$214,900","2,184 miles",Driving Emotions/ FL
2014 Audi R8,audi,"$219,900","8,478 miles",Driving Emotions/ FL
2023 Audi RS e-tron GT,audi,"$115,000",700 miles,Private seller
2021 Audi R8 V10 Performance,audi,"$192,813","9,404 miles",ONE EXOTICS LLC/ FL
2014 Audi R8,audi,"$99,995","10,524 miles",European Exotic Center/ FL
2012 Audi R8,audi,"$189,995","18,292 miles",European Exotic Center/ FL
2025 Audi Q7,audi,Call for Price,11 miles,Audi Wesley Chapel/ FL
2025 Audi Q7,audi,Call for Price,22 miles,Audi Wesley Chapel/ FL
2025 Audi Q5,audi,Call for Price,10 miles,Audi Wesley Chapel/ FL
2025 Audi Q7,audi,Call for Price,21 miles,Audi Wesley Chapel/ FL
2025 Audi Q7,audi,Call for Price,9 miles,Audi Wesley Chapel/ FL
2025 Audi Q5,audi,Call for Price,22 miles,Audi Wesley Chapel/ FL
2025 Audi Q7,audi,Call for Price,10 miles,Audi Wesley Chapel/ FL
2022 Audi R8,audi,"$145,999","29,352 miles",Celebrity Cars Las Vegas
2020 Audi R8,audi,"$179,995","19,367 miles",CLB Sportscars
2025 Audi RS 6 Avant,audi,"$248,000",21 miles,Speedart Motorsports
2020 Audi R8,audi,"$179,995","19,367 miles",CLB Sportscars
2017 Audi R8,audi,"$159,995","6,763 miles",Motor Cars of Chicago
2023 Audi e-tron GT,audi,"$52,987","5,602 miles",Porsche Exchange
2025 Audi Q7,audi,Call for Price,"5,566 miles",Audi Wesley Chapel/ FL
2025 Audi Q7,audi,Call for Price,10 miles,Audi Wesley Chapel/ FL
2025 Audi Q8,audi,Call for Price,6 miles,Audi Wesley Chapel/ FL
2026 Audi RS 7,audi,Call for Price,10 miles,Audi Wesley Chapel/ FL
2026 Audi Q7,audi,Call for Price,9 miles,Audi Wesley Chapel/ FL
2026 Audi Q7,audi,Call for Price,9 miles,Audi Wesley Chapel/ FL
2025 Audi A5,audi,Call for Price,10 miles,Audi Wesley Chapel/ FL
2025 Audi A5,audi,Call for Price,12 miles,Audi Wesley Chapel/ FL
2025 Audi A5,audi,Call for Price,8 miles,Audi Wesley Chapel/ FL
2025 Audi A5,audi,Call for Price,18 miles,Audi Wesley Chapel/ FL
2025 Audi Q3,audi,Call for Price,5 miles,Audi Wesley Chapel/ FL
2025 Audi A5,audi,Call for Price,5 miles,Audi Wesley Chapel/ FL
2025 Audi A5,audi,Call for Price,5 miles,Audi Wesley Chapel/ FL
2025 Audi SQ5,audi,Call for Price,14 miles,Audi Wesley Chapel/ FL
2025 Audi Q5,audi,Call for Price,5 miles,Audi Wesley Chapel/ FL
2025 Audi S8,audi,"$104,900","1,675 miles",Audi Wesley Chapel/ FL
2025 Audi Q3,audi,Call for Price,11 miles,Audi Wesley Chapel/ FL
2025 Audi Q8,audi,Call for Price,1 miles,Audi Wesley Chapel/ FL
2023 Audi Q3,audi,"$25,994","31,591 miles",Audi Wesley Chapel/ FL
2025 Audi Q5,audi,Call for Price,18 miles,Audi Wesley Chapel/ FL
2025 Audi Q8,audi,Call for Price,9 miles,Audi Wesley Chapel/ FL
2025 Audi Q5,audi,Call for Price,10 miles,Audi Wesley Chapel/ FL
2025 Audi Q5,audi,Call for Price,11 miles,Audi Wesley Chapel/ FL
2026 Audi A3,audi,Call for Price,13 miles,Audi Wesley Chapel/ FL
2025 Audi Q3,audi,Call for Price,5 miles,Audi Wesley Chapel/ FL
2025 Audi Q5,audi,Call for Price,9 miles,Audi Wesley Chapel/ FL
2025 Audi Q5,audi,Call for Price,11 miles,Audi Wesley Chapel/ FL
2020 Audi R8,audi,"$179,995","19,367 miles",CLB Sportscars
2022 Audi R8,audi,"$145,999","29,352 miles",Celebrity Cars Las Vegas
2015 Audi R8,audi,"$189,000","6,068 miles",Heritage Cars
2020 Audi R8,audi,"$179,995","19,367 miles",CLB Sportscars
2025 Audi Q5,audi,"$55,784",19 miles,Porsche Exchange
2025 Audi Q3,audi,"$40,094",9 miles,Porsche Exchange
2025 Audi Q5,audi,Call for Price,10 miles,Audi Wesley Chapel/ FL
2025 Audi Q5,audi,Call for Price,11 miles,Audi Wesley Chapel/ FL
2026 Audi RS 6 Avant,audi,Call for Price,9 miles,Audi Wesley Chapel/ FL
2026 Audi RS 6 Avant,audi,Call for Price,9 miles,Audi Wesley Chapel/ FL
2025 Audi Q5,audi,Call for Price,9 miles,Audi Wesley Chapel/ FL
2025 Audi Q5,audi,Call for Price,10 miles,Audi Wesley Chapel/ FL
2025 Audi A5,audi,Call for Price,23 miles,Audi Wesley Chapel/ FL
2025 Audi A5,audi,Call for Price,10 miles,Audi Wesley Chapel/ FL
2025 Audi A5,audi,Call for Price,12 miles,Audi Wesley Chapel/ FL
2025 Audi A5,audi,Call for Price,31 miles,Audi Wesley Chapel/ FL
2025 Audi A5,audi,Call for Price,7 miles,Audi Wesley Chapel/ FL
2025 Audi A5,audi,Call for Price,25 miles,Audi Wesley Chapel/ FL
2023 Audi SQ5,audi,"$44,900","22,394 miles",Audi Wesley Chapel/ FL
2025 Audi S5,audi,Call for Price,29 miles,Audi Wesley Chapel/ FL
2025 Audi A5,audi,Call for Price,85 miles,Audi Wesley Chapel/ FL
2025 Audi Q3,audi,"$33,991","7,855 miles",Audi Wesley Chapel/ FL
2025 Audi Q3,audi,Call for Price,9 miles,Audi Wesley Chapel/ FL
2025 Audi Q3,audi,Call for Price,9 miles,Audi Wesley Chapel/ FL
2025 Audi Q3,audi,Call for Price,15 miles,Audi Wesley Chapel/ FL
2025 Audi Q5,audi,Call for Price,12 miles,Audi Wesley Chapel/ FL
2025 Audi Q5,audi,Call for Price,16 miles,Audi Wesley Chapel/ FL
2025 Audi Q5,audi,Call for Price,11 miles,Audi Wesley Chapel/ FL
2025 Audi Q3,audi,Call for Price,7 miles,Audi Wesley Chapel/ FL
2026 Audi A3,audi,Call for Price,9 miles,Audi Wesley Chapel/ FL
2025 Audi Q5,audi,Call for Price,9 miles,Audi Wesley Chapel/ FL
2025 Audi Q3,audi,Call for Price,25 miles,Audi Wesley Chapel/ FL
2017 Audi RS 7,audi,"$63,991","28,166 miles",Audi Wesley Chapel/ FL
2022 Audi R8,audi,"$145,999","29,352 miles",Celebrity Cars Las Vegas
2025 Audi RS 6 Avant,audi,"$248,000",21 miles,Speedart Motorsports
2020 Audi R8,audi,"$179,995","19,367 miles",CLB Sportscars
2020 Audi R8,audi,"$179,995","19,367 miles",CLB Sportscars
2014 Audi RS 5,audi,"$29,950","86,594 miles",Park Place Ltd.
2025 Audi Q5,audi,"$56,994",6 miles,Porsche Exchange
2026 Audi Q7,audi,Call for Price,10 miles,Audi Wesley Chapel/ FL
2025 Audi Q5,audi,Call for Price,8 miles,Audi Wesley Chapel/ FL
2025 Audi Q3,audi,Call for Price,"7,374 miles",Audi Wesley Chapel/ FL
2026 Audi RS 7,audi,Call for Price,7 miles,Audi Wesley Chapel/ FL
2026 Audi A6,audi,Call for Price,9 miles,Audi Wesley Chapel/ FL
2025 Audi A5,audi,Call for Price,50 miles,Audi Wesley Chapel/ FL
2025 Audi A5,audi,Call for Price,31 miles,Audi Wesley Chapel/ FL
2022 Audi Q3,audi,"$23,997","30,360 miles",Audi Wesley Chapel/ FL
2025 Audi A3,audi,"$31,900","5,951 miles",Audi Wesley Chapel/ FL
2025 Audi Q5,audi,"$50,491","1,159 miles",Audi Wesley Chapel/ FL
2023 Audi Q5,audi,"$30,991","25,980 miles",Audi Wesley Chapel/ FL
2025 Audi Q7,audi,Call for Price,25 miles,Audi Wesley Chapel/ FL
2025 Audi Q5,audi,Call for Price,16 miles,Audi Wesley Chapel/ FL
2025 Audi Q8,audi,Call for Price,32 miles,Audi Wesley Chapel/ FL
2025 Audi Q3,audi,Call for Price,5 miles,Audi Wesley Chapel/ FL
2025 Audi Q7,audi,Call for Price,15 miles,Audi Wesley Chapel/ FL
2025 Audi Q5,audi,Call for Price,25 miles,Audi Wesley Chapel/ FL
2025 Audi Q7,audi,Call for Price,9 miles,Audi Wesley Chapel/ FL
2025 Audi Q3,audi,Call for Price,646 miles,Audi Wesley Chapel/ FL
2025 Audi Q5,audi,Call for Price,11 miles,Audi Wesley Chapel/ FL
2025 Audi Q5,audi,Call for Price,9 miles,Audi Wesley Chapel/ FL
2026 Audi RS 6 Avant,audi,Call for Price,45 miles,Audi Wesley Chapel/ FL
2026 Audi S3,audi,Call for Price,16 miles,Audi Wesley Chapel/ FL
2025 Audi Q5,audi,Call for Price,9 miles,Audi Wesley Chapel/ FL
2025 Audi Q5,audi,Call for Price,7 miles,Audi Wesley Chapel/ FL
2026 Audi S3,audi,Call for Price,15 miles,Audi Wesley Chapel/ FL
2025 Audi Q3,audi,Call for Price,24 miles,Audi Wesley Chapel/ FL
2025 Audi RS 6 Avant,audi,"$248,000",21 miles,Speedart Motorsports
2015 Audi R8,audi,"$189,000","6,068 miles",Heritage Cars
2022 Audi R8,audi,"$145,999","29,352 miles",Celebrity Cars Las Vegas
2020 Audi R8,audi,"$179,995","19,367 miles",CLB Sportscars
2025 Audi A5,audi,Call for Price,9 miles,Audi Wesley Chapel
2025 Audi A5,audi,Call for Price,9 miles,Audi Wesley Chapel
2026 Audi A8,audi,Call for Price,53 miles,Audi Wesley Chapel/ FL
2025 Audi A5,audi,Call for Price,10 miles,Audi Wesley Chapel/ FL
2026 Audi A6,audi,Call for Price,8 miles,Audi Wesley Chapel/ FL
2025 Audi A5,audi,Call for Price,10 miles,Audi Wesley Chapel/ FL
2025 Audi A5,audi,Call for Price,15 miles,Audi Wesley Chapel/ FL
2025 Audi A5,audi,Call for Price,7 miles,Audi Wesley Chapel/ FL
2025 Audi A5,audi,Call for Price,9 miles,Audi Wesley Chapel/ FL
2025 Audi A5,audi,Call for Price,9 miles,Audi Wesley Chapel/ FL
2025 Audi A5,audi,Call for Price,9 miles,Audi Wesley Chapel/ FL
2023 Audi A5 Sportback,audi,"$32,900","30,450 miles",Audi Wesley Chapel/ FL
2023 Audi A4,audi,"$29,900","30,911 miles",Audi Wesley Chapel/ FL
2025 Audi Q3,audi,Call for Price,10 miles,Audi Wesley Chapel/ FL
2025 Audi A5,audi,Call for Price,8 miles,Audi Wesley Chapel/ FL
2019 Audi Q8,audi,"$24,995","77,848 miles",Audi Wesley Chapel/ FL
2025 Audi Q5,audi,Call for Price,12 miles,Audi Wesley Chapel/ FL
2025 Audi Q3,audi,Call for Price,10 miles,Audi Wesley Chapel/ FL
2025 Audi Q3,audi,Call for Price,11 miles,Audi Wesley Chapel/ FL
2025 Audi A3,audi,Call for Price,947 miles,Audi Wesley Chapel/ FL
2025 Audi Q5,audi,Call for Price,17 miles,Audi Wesley Chapel/ FL
2025 Audi Q5,audi,Call for Price,33 miles,Audi Wesley Chapel/ FL
2025 Audi Q5,audi,Call for Price,9 miles,Audi Wesley Chapel/ FL
2025 Audi Q3,audi,Call for Price,9 miles,Audi Wesley Chapel/ FL
2025 Audi Q5,audi,Call for Price,19 miles,Audi Wesley Chapel/ FL
2025 Audi A5 Sportback,audi,Call for Price,5 miles,Audi Wesley Chapel/ FL
2025 Audi Q3,audi,Call for Price,7 miles,Audi Wesley Chapel/ FL
2025 Audi Q5,audi,Call for Price,10 miles,Audi Wesley Chapel/ FL
2026 Audi A3,audi,Call for Price,13 miles,Audi Wesley Chapel/ FL
2015 Audi R8,audi,"$189,000","6,068 miles",Heritage Cars
2025 Audi RS 6 Avant,audi,"$248,000",21 miles,Speedart Motorsports
2022 Audi R8,audi,"$145,999","29,352 miles",Celebrity Cars Las Vegas
2020 Audi R8,audi,"$179,995","19,367 miles",CLB Sportscars
2026 Audi Q8,audi,"$86,300",7 miles,Porsche Exchange
2020 Audi Q8,audi,"$39,800","45,819 miles",Chicago Motor Cars
2026 Audi A3,audi,Call for Price,13 miles,Audi Wesley Chapel/ FL
2025 Audi Q3,audi,Call for Price,9 miles,Audi Wesley Chapel/ FL
2025 Audi Q3,audi,Call for Price,11 miles,Audi Wesley Chapel/ FL
2025 Audi Q3,audi,Call for Price,9 miles,Audi Wesley Chapel/ FL
2025 Audi Q5,audi,Call for Price,9 miles,Audi Wesley Chapel/ FL
2025 Audi Q5,audi,Call for Price,8 miles,Audi Wesley Chapel/ FL
2025 Audi A5,audi,Call for Price,10 miles,Audi Wesley Chapel/ FL
2025 Audi A5,audi,Call for Price,29 miles,Audi Wesley Chapel/ FL
2025 Audi A5,audi,Call for Price,8 miles,Audi Wesley Chapel/ FL
2025 Audi A5,audi,Call for Price,27 miles,Audi Wesley Chapel/ FL
2025 Audi A8,audi,Call for Price,1 miles,Audi Wesley Chapel/ FL
2025 Audi Q5,audi,Call for Price,8 miles,Audi Wesley Chapel/ FL
2022 Audi A7,audi,"$48,995","41,707 miles",Formula Imports/ NC
2020 Audi Q5,audi,"$18,995","76,496 miles",Formula Imports/ NC
2015 Audi R8 Spyder,audi,"$95,220","14,691 miles",Euro Prestige Imports/ NC
2025 Audi Q3,audi,"$36,781","2,429 miles",Foreign Cars Charlotte/ NC
2024 Audi RS Q8,audi,"$117,996","13,981 miles",McLaren Charlotte/ NC
2025 Audi S3,audi,"$48,996","4,423 miles",McLaren Charlotte/ NC
2022 Audi R8,audi,"$179,996","5,482 miles",McLaren Charlotte/ NC
2025 Audi Q3,audi,"$36,781","1,667 miles",Foreign Cars Charlotte/ NC
2023 Audi R8,audi,"$224,995","6,095 miles",Velocity Motorcars Nashville/ TN
2020 Audi R8 V10 Performance,audi,"$174,995","31,616 miles",Velocity Motorcars Nashville/ TN
2014 Audi R8,audi,"$114,990","30,914 miles",HyperCars/ IN
2012 Audi R8,audi,"$84,990","33,044 miles",HyperCars/ IN
2023 Audi RS 3,audi,"$67,990","17,643 miles",HyperCars/ IN
2011 Audi R8,audi,"$98,990","40,181 miles",HyperCars/ IN
2018 Audi R8,audi,"$134,990","40,350 miles",HyperCars/ IN
2025 Audi RS 6 Avant,audi,"$248,000",21 miles,Speedart Motorsports
2015 Audi R8,audi,"$189,000","6,068 miles",Heritage Cars
2022 Audi R8,audi,"$145,999","29,352 miles",Celebrity Cars Las Vegas
2020 Audi R8,audi,"$179,995","19,367 miles",CLB Sportscars
2025 Audi Q3,audi,"$40,094",9 miles,Porsche Exchange
2025 Audi Q7,audi,"$70,361",5 miles,Porsche Exchange
2024 Audi SQ8,audi,"$97,990",308 miles,Marshall Goldman Baltimore/ MD
2023 Audi R8,audi,"$178,900","12,908 miles",Marshall Goldman Baltimore/ MD
2020 Audi R8,audi,"$179,995","19,367 miles",CLB Sportscars/ TX
2018 Audi S5,audi,"$23,991","80,381 miles",ABZ Motors/ TX
2019 Audi A6,audi,"$22,991","88,415 miles",ABZ Motors/ TX
2012 Audi R8 Spyder,audi,"$88,991","10,862 miles",ABZ Motors/ TX
2018 Audi S5,audi,"$28,991","57,054 miles",ABZ Motors/ TX
2023 Audi R8 GT,audi,"$295,000",54 miles,Private seller
2023 Audi R8 GT,audi,"$295,000",39 miles,Private seller
2019 Audi A8,audi,"$30,488","64,833 miles",McLaren Philadelphia/ PA
2024 Audi RS 5,audi,"$77,500","4,439 miles",Sarchione Auto Gallery/ OH
2018 Audi R8,audi,"$152,500","10,420 miles",Sarchione Auto Gallery/ OH
2025 Audi RS Q8 performance,audi,"$135,000","3,126 miles",Sarchione Auto Gallery/ OH
2018 Audi R8,audi,"$147,000","22,580 miles",Sarchione Auto Gallery/ OH
2019 Audi S5,audi,"$39,500","35,264 miles",Sarchione Auto Gallery/ OH
2024 Audi RS 3,audi,"$62,600","19,974 miles",Sarchione Ford of Randolph/ OH
2022 Audi RS e-tron GT,audi,"$62,995","7,545 miles",Perfect Auto Collection/ OH
2023 Audi RS 6,audi,"$114,495","8,000 miles",Perfect Auto Collection/ OH
2019 Audi RS 5,audi,"$54,995","28,541 miles",Perfect Auto Collection/ OH
2023 Audi RS e-tron GT,audi,"$76,995","2,910 miles",Perfect Auto Collection/ OH
2022 Audi S8,audi,"$74,995","27,223 miles",Perfect Auto Collection/ OH
2023 Audi S8,audi,"$88,995","6,928 miles",Perfect Auto Collection/ OH
2018 Audi A5,audi,"$21,985","62,062 miles",Cavallino Rosso St. Louis/ MO
2019 Audi A4,audi,"$22,851","44,890 miles",Cavallino Rosso St. Louis/ MO
2025 Audi SQ8,audi,"$94,890","3,473 miles",Cavallino Rosso St. Louis/ MO
2023 Audi RS Q8,audi,"$99,995","31,371 miles",Holman Motorcars St. Louis/ MO
2024 Audi RS Q8,audi,"$105,999","29,914 miles",Status Auto Group/ NY
