Car Name ,Price,Year,Mileage,Dealer,Brand,,,,
FERRARI SF ASSETTO FIORANO FOR SALE,344995,2021,1443,AMARI SUPERCARS,Ferrari,,,,
BENTLEY BENTAYGA S BY ONYX CONCEPT,1525000,2024,30,DOURADO LUXURY CAR,Bentley,,,,
FERRARI DINO GTS,499950,1973,18175,JOE MACARI,Ferrari,,,,
FERRARI GT LUSSO,525199,1963,19825,JOE MACARI,Ferrari,,,,
FERRARI GTS,1494950,1965,55150,JOE MACARI,Ferrari,,,,
FERRARI PORTOFINO T V ULEZ,109990,2019,17000,VAS VEHICLE SOLUTIONS LTD,Ferrari,,,,s
FERRARI PORTOFINO,122950,2020,9800,ROMANS INTERNATIONAL,Ferrari,,,,
FERRARI SPIDER,179995,2019,5622,EUROPEAN PRESTIGE,Ferrari,,,,
FERRARI PUROSANGUE,339950,2024,1025,JOE MACARI,Ferrari,,,,
FERRARI GTB ULEZ,94990,2010,7000,VAS VEHICLE SOLUTIONS LTD,Ferrari,,,,
FERRARI CILINDRI,379950,2025,875,JOE MACARI,Ferrari,,,,
FERRARI SUPERFAST FOR SALE,219995,2019,14946,AMARI SUPERCARS,Ferrari,,,,
FERRARI GTC LUSSO T V ULEZ,122990,2019,21500,VAS VEHICLE SOLUTIONS LTD,Ferrari,,,,
FERRARI GTC LUSSO V,199950,2018,14965,ROMANS INTERNATIONAL,Ferrari,,,,
FERRARI CALIFORNIA T,79950,2014,12000,TOM HARTLEY,Ferrari,,,,
FERRARI DINO GTS UK SUPPLIED,349950,1972,12000,TOM HARTLEY,Ferrari,,,,
FERRARI ROMA T V ULEZ,137990,2021,5500,VAS VEHICLE SOLUTIONS LTD,Ferrari,,,,
FERRARI GTB FIORANO HGTE,109950,2010,16000,TOM HARTLEY,Ferrari,,,,
FERRARI DINO GTS,525199,1972,12000,TOM HARTLEY,Ferrari,,,,
FERRARI PUROSANGUE FOR SALE,344995,2024,4074,AMARI SUPERCARS,Ferrari,,,,
FERRARI PUROSANGUE FOR SALE,379995,2024,3600,AMARI SUPERCARS,Ferrari,,,,
FERRARI PORTOFINO M,169950,2022,3853,ROMANS INTERNATIONAL,Ferrari,,,,
FERRARI GTS,525199,2021,8552,ROMANS INTERNATIONAL,Ferrari,,,,
FERRARI ROMA SPIDER,174950,2023,9775,JOE MACARI,Ferrari,,,,
FERRARI GTBI,64990,1982,46700,SIMON FURLONGER,Ferrari,,,,
FERRARI BBI LHD FOR SALE,249995,1986,19047,AMARI SUPERCARS,Ferrari,,,,
FERRARI SPIDER,179950,2014,12859,ROMANS INTERNATIONAL,Ferrari,,,,
FERRARI SUPERFAST ATELIER SPECIFICATION,525199,2019,13500,TOM HARTLEY,Ferrari,,,,
FERRARI CHALLENGE STRADALE,249950,2004,27770,ROMANS INTERNATIONAL,Ferrari,,,,
FERRARI GTC LUSSO V,129950,2017,45000,TOM HARTLEY,Ferrari,,,,
FERRARI PORTOFINO,525199,2020,12911,ROMANS INTERNATIONAL,Ferrari,,,,
FERRARI TESTAROSSA,149995,1991,23843,EUROPEAN PRESTIGE,Ferrari,,,,
FERRARI COMPETIZIONE,995000,2023,2548,ROMANS INTERNATIONAL,Ferrari,,,,
FERRARI ROMA SPIDER,194950,2024,46,ROMANS INTERNATIONAL,Ferrari,,,,
FERRARI SUPERFAST,204950,2018,19000,TOM HARTLEY,Ferrari,,,,
FERRARI GTS,264950,2024,1591,ROMANS INTERNATIONAL,Ferrari,,,,
FERRARI PISTA SPIDER,399950,2020,2315,ROMANS INTERNATIONAL,Ferrari,,,,
FERRARI SUPERFAST,189950,2018,28000,TOM HARTLEY,Ferrari,,,,
FERRARI PISTA PILOTI MILES FROM NEW,424990,2019,80,SIMON FURLONGER,Ferrari,,,,
FERRARI ROMA,164950,2023,514,ROMANS INTERNATIONAL,Ferrari,,,,
FERRARI SPIDER,157950,2017,8405,ROMANS INTERNATIONAL,Ferrari,,,,
FERRARI SUPERFAST,219950,2019,9089,ROMANS INTERNATIONAL,Ferrari,,,,
FERRARI SCAGLIETTI SPEED MANUAL OWNER,525199,2004,13000,TOM HARTLEY,Ferrari,,,,
FERRARI GTB FIORANO,109950,2008,9500,TOM HARTLEY,Ferrari,,,,
FERRARI FOR SALE,449995,2001,6705,AMARI SUPERCARS,Ferrari,,,,
FERRARI SPIDER F MILES FROM NEW,119990,1998,5500,SIMON FURLONGER,Ferrari,,,,
FERRARI GT PININFARINA COUPE,499990,1959,0,SIMON FURLONGER,Ferrari,,,,
FERRARI PORTOFINO M,149950,2023,6500,TOM HARTLEY,Ferrari,,,,
FERRARI CALIFORNIA T TH ANNIVERSARY OF,199950,2017,100,TOM HARTLEY,Ferrari,,,,
FERRARI GTS,239950,2023,7860,JOE MACARI,Ferrari,,,,
FERRARI PUROSANGUE,359995,2024,6107,EUROPEAN PRESTIGE,Ferrari,,,,
FERRARI GTB,159950,2017,4925,JOE MACARI,Ferrari,,,,
FERRARI GTS,299995,2021,5582,EUROPEAN PRESTIGE,Ferrari,,,,
FERRARI SF SPIDER FOR SALE,359995,2023,5250,AMARI SUPERCARS,Ferrari,,,,
FERRARI SUPERFAST,525199,2018,11000,TOM HARTLEY,Ferrari,,,,
FERRARI SPECIALE,379950,2015,4265,ROMANS INTERNATIONAL,Ferrari,,,,
FERRARI GTS,329995,2021,8209,EUROPEAN PRESTIGE,Ferrari,,,,
FERRARI SPIDER ULEZ,149990,2014,25000,VAS VEHICLE SOLUTIONS LTD,Ferrari,,,,
FERRARI PISTA,299950,2020,6467,ROMANS INTERNATIONAL,Ferrari,,,,
FERRARI GTB LHD,525199,1967,60550,JOE MACARI,Ferrari,,,,
FERRARI PISTA,299995,2019,6690,EUROPEAN PRESTIGE,Ferrari,,,,
FERRARI ROMA,149950,2023,7511,ROMANS INTERNATIONAL,Ferrari,,,,
FERRARI GTB,209950,2023,1000,TOM HARTLEY,Ferrari,,,,
FERRARI PORTOFINO V,124950,2020,12000,TOM HARTLEY,Ferrari,,,,
FERRARI PUROSANGUE V,319950,2024,10000,TOM HARTLEY,Ferrari,,,,
FERRARI SF STRADALE,274950,2022,1300,TOM HARTLEY,Ferrari,,,,
FERRARI PUROSANGUE V,349950,2024,3500,TOM HARTLEY,Ferrari,,,,
FERRARI SPIDER,169950,2014,13000,TOM HARTLEY,Ferrari,,,,
FERRARI SPECIALE,369950,2014,6327,ROMANS INTERNATIONAL,Ferrari,,,,
FERRARI SPECIALE,389950,2014,1195,TOP 555,Ferrari,,,,
FERRARI SUPERAMERICA HGTC,229950,2005,12625,JOE MACARI,Ferrari,,,,
FERRARI F BERLINETTA V ULEZ,149990,2014,17900,VAS VEHICLE SOLUTIONS LTD,Ferrari,,,,
FERRARI SUPERFAST,234950,2019,5472,ROMANS INTERNATIONAL,Ferrari,,,,
FERRARI GTS,284950,2020,7946,ROMANS INTERNATIONAL,Ferrari,,,,
FERRARI GTS FOR SALE,249995,2023,2500,AMARI SUPERCARS,Ferrari,,,,
FERRARI PUROSANGUE,359950,2024,4350,ROMANS INTERNATIONAL,Ferrari,,,,
FERRARI F SPIDER FOR SALE,259995,2021,1393,AMARI SUPERCARS,Ferrari,,,,
FERRARI GTB,197950,2023,3942,ROMANS INTERNATIONAL,Ferrari,,,,
FERRARI GTC LUSSO V,139950,2018,29000,TOM HARTLEY,Ferrari,,,,
FERRARI ROMA SPIDER,204950,2025,49,SCUDERIA PRESTIGE,Ferrari,,,,
FERRARI GTC LUSSO T V,106500,2018,39331,SCUDERIA PRESTIGE,Ferrari,,,,
FERRARI SCAGLIETTI F,59995,2005,66748,SCUDERIA PRESTIGE,Ferrari,,,,
FERRARI ROMA T V,134995,2021,14007,SCUDERIA PRESTIGE,Ferrari,,,,
FERRARI ROMA T V,139500,2021,20510,SCUDERIA PRESTIGE,Ferrari,,,,
FERRARI GTB,94990,2011,7000,VAS VEHICLE SOLUTIONS LTD,Ferrari,,,,
FERRARI SF SPIDER FOR SALE,359995,2022,5546,AMARI SUPERCARS,Ferrari,,,,
FERRARI F ULEZ,58990,2001,30500,VAS VEHICLE SOLUTIONS LTD,Ferrari,,,,
FERRARI GTB,139950,2017,20493,ROMANS INTERNATIONAL,Ferrari,,,,
FERRARI ENZO,525199,2014,845,ROMANS INTERNATIONAL,Ferrari,,,,
FERRARI SF SPIDER,525199,2022,1415,JOE MACARI,Ferrari,,,,
T FERRARI F SPIDER,84950,1999,21500,TOM HARTLEY,Ferrari,,,,
FERRARI CILINDRI,394950,2025,100,TOP 555,Ferrari,,,,
FERRARI SF SPIDER,434950,2024,590,TOP 555,Ferrari,,,,
FERRARI GTB,209950,2023,4025,ROMANS INTERNATIONAL,Ferrari,,,,
FERRARI SPIDER,156950,2017,14452,ROMANS INTERNATIONAL,Ferrari,,,,
FERRARI GTS,304950,2022,12761,ROMANS INTERNATIONAL,Ferrari,,,,
FERRARI SA APERTA,1395000,2013,148,ROMANS INTERNATIONAL,Ferrari,,,,
FERRARI TS,99950,1992,111,JOE MACARI,Ferrari,,,,
FERRARI F SPIDER,134995,1996,29726,EUROPEAN PRESTIGE,Ferrari,,,,
FERRARI F BERLINETTA,199950,2017,5393,ROMANS INTERNATIONAL,Ferrari,,,,
FERRARI F TRIBUTO,219950,2022,5903,ROMANS INTERNATIONAL,Ferrari,,,,
FERRARI F TDF,925000,2017,1710,ROMANS INTERNATIONAL,Ferrari,,,,
FERRARI GTS,249950,2025,3650,SUPERVETTURA,Ferrari,,,,
FERRARI GTC LUSSO T,109950,2017,35620,TOP 555,Ferrari,,,,
FERRARI F BERLINETTA,181950,2017,5769,ROMANS INTERNATIONAL,Ferrari,,,,
FERRARI DINO GTS CLASSICHE,349950,1973,42500,TOM HARTLEY,Ferrari,,,,
FERRARI GTB FOR SALE,219500,2024,2211,AMARI SUPERCARS,Ferrari,,,,
FERRARI PISTA FOR SALE,334995,2021,3709,AMARI SUPERCARS,Ferrari,,,,
FERRARI PISTA T V ULEZ,329990,2019,1500,VAS VEHICLE SOLUTIONS LTD,Ferrari,,,,
FERRARI SPIDER FOR SALE,159995,2019,10382,AMARI SUPERCARS,Ferrari,,,,
FERRARI DINO GT,299950,1975,33000,TOM HARTLEY,Ferrari,,,,
FERRARI F BERLINETTA,194950,2017,10056,ROMANS INTERNATIONAL,Ferrari,,,,
FERRARI BARCHETTA,525199,2001,22501,SIMON FURLONGER,Ferrari,,,,
FERRARI GTS QUATTROVALVOLE,69950,1983,64000,TOM HARTLEY,Ferrari,,,,
T FERRARI SPIDER F,84950,1999,21500,TOM HARTLEY,Ferrari,,,,
FERRARI GTB,214950,2023,97,ROMANS INTERNATIONAL,Ferrari,,,,
FERRARI SPIDER,139950,2012,20100,JOE MACARI,Ferrari,,,,
LAMBORGHINI COUNTACH TH ANNIVERSARY FOR SALE,599995,1989,11016,AMARI SUPERCARS,Lamborghini,,,,
FERRARI SUPERFAST,1350000,2021,2948,DOURADO LUXURY CAR,Ferrari,,,,
F FERRARI GTS,525199,1989,46000,TOM HARTLEY,Ferrari,,,,
FERRARI GTB,104950,2007,5500,TOM HARTLEY,Ferrari,,,,
FERRARI MARANELLO,114990,1999,30000,SIMON FURLONGER,Ferrari,,,,
FERRARI GTB,199995,2022,8314,EUROPEAN PRESTIGE,Ferrari,,,,
FERRARI GTC LUSSO V,169950,2021,7146,ROMANS INTERNATIONAL,Ferrari,,,,
FERRARI GTS,259995,2023,5109,EUROPEAN PRESTIGE,Ferrari,,,,
FERRARI F CHALLENGE RIGHT HAND DRIVE ROAD REGISTERED,179990,1997,32000,SIMON FURLONGER,Ferrari,,,,
FERRARI SPECIALE,384995,2015,4660,THE OCTANE COLLECTION,Ferrari,,,,
M FERRARI SPIDER,69950,1994,23000,TOM HARTLEY,Ferrari,,,,
FERRARI SPIDER,525199,2013,1400,TOM HARTLEY,Ferrari,,,,
ROLLS ROYCE CULLINAN SERIES II,1950000,2025,53,DOURADO LUXURY CAR,Rolls Royce,,,,
FERRARI GTB,209950,2023,250,TOM HARTLEY,Ferrari,,,,
C FERRARI MONDIAL OWNER,59950,1986,18000,TOM HARTLEY,Ferrari,,,,
FERRARI F TDF,825000,2016,3682,ROMANS INTERNATIONAL,Ferrari,,,,
K FERRARI TR CLASSICHE CERTIFIED,259950,1992,15000,TOM HARTLEY,Ferrari,,,,
FERRARI ROMA SPIDER,249950,2024,138,ROMANS INTERNATIONAL,Ferrari,,,,
FERRARI SF SPIDER FOR SALE,399995,2022,2503,AMARI SUPERCARS,Ferrari,,,,
FERRARI SF,374995,2023,380,THE OCTANE COLLECTION,Ferrari,,,,
FERRARI GTS,309950,2022,2500,TOM HARTLEY,Ferrari,,,,
FERRARI SF SPIDER ASSETTO FIORANO,349950,2022,6625,JOE MACARI,Ferrari,,,,
FERRARI PISTA,304950,2019,4103,ROMANS INTERNATIONAL,Ferrari,,,,
FERRARI ROMA SPIDER,224950,2024,65,JOE MACARI,Ferrari,,,,
FERRARI CALIFORNIA V,54950,2009,41000,TOM HARTLEY,Ferrari,,,,
FERRARI PORTOFINO T V,122990,2018,8000,VAS VEHICLE SOLUTIONS LTD,Ferrari,,,,
FERRARI CALIFORNIA ULEZ,54990,2010,39500,VAS VEHICLE SOLUTIONS LTD,Ferrari,,,,
FERRARI GTB FIORANO V,94990,2010,13500,VAS VEHICLE SOLUTIONS LTD,Ferrari,,,,
FERRARI T V GTB ULEZ,147490,2017,15800,VAS VEHICLE SOLUTIONS LTD,Ferrari,,,,
FERRARI COMPETIZIONE,1100000,2022,2000,TOM HARTLEY,Ferrari,,,,
FERRARI PUROSANGUE,359950,2024,4344,ROMANS INTERNATIONAL,Ferrari,,,,
FERRARI GTS FOR SALE,259995,2024,2874,AMARI SUPERCARS,Ferrari,,,,
FERRARI COMPETIZIONE,1150000,2022,389,ROMANS INTERNATIONAL,Ferrari,,,,
FERRARI FF,99950,2014,37650,JOE MACARI,Ferrari,,,,
FERRARI CALIFORNIA,74950,2013,7199,ROMANS INTERNATIONAL,Ferrari,,,,
FERRARI SPIDER,184950,2018,3938,ROMANS INTERNATIONAL,Ferrari,,,,
FERRARI F SPIDER F,109950,2008,3380,TOP 555,Ferrari,,,,
FERRARI PISTA,314950,2019,1915,ROMANS INTERNATIONAL,Ferrari,,,,
FERRARI PISTA,324950,2019,900,TOP 555,Ferrari,,,,
FERRARI SF SPIDER,419950,2023,714,ROMANS INTERNATIONAL,Ferrari,,,,
FERRARI GTB F ALONSO EDITION FOR SALE,299995,2012,4885,AMARI SUPERCARS,Ferrari,,,,
FERRARI GT COUPE BOANO,950000,1957,0,SUPERVETTURA,Ferrari,,,,
FERRARI COMPETIZIONE,1250000,2024,200,SUPERVETTURA,Ferrari,,,,
W FERRARI MARANELLO DELIVERY MILEAGE UNREGISTERED,525199,2000,80,TOM HARTLEY,Ferrari,,,,
FERRARI GTB DAYTONA SPYDER CONVERSION,649950,1972,10000,TOM HARTLEY,Ferrari,,,,
FERRARI SCUDERIA SPIDER M,394950,2009,4000,TOM HARTLEY,Ferrari,,,,
FERRARI COMPETIZIONE,1100000,2022,2000,TOM HARTLEY,Ferrari,,,,
FERRARI DINO GT,299950,1975,33000,TOM HARTLEY,Ferrari,,,,
FERRARI PISTA,269950,2019,17493,ROMANS INTERNATIONAL,Ferrari,,,,
FERRARI SPIDER,179950,2016,4515,JOE MACARI,Ferrari,,,,
FERRARI SUPERFAST,229950,2019,2000,JOE MACARI,Ferrari,,,,
S FERRARI F SPIDER,525199,1998,3400,TOM HARTLEY,Ferrari,,,,
FERRARI SPIDER,179950,2018,5700,TOM HARTLEY,Ferrari,,,,
FERRARI ITALIA,129990,2012,24951,SIMON FURLONGER,Ferrari,,,,
FERRARI CALIFORNIA T,84950,2014,7000,TOM HARTLEY,Ferrari,,,,
FERRARI SPIDER MANUAL TRANSMISSION,69990,2002,16000,SIMON FURLONGER,Ferrari,,,,
FERRARI M GT,89990,2003,14350,SIMON FURLONGER,Ferrari,,,,
FERRARI MARANELLO,89990,1999,40850,SIMON FURLONGER,Ferrari,,,,
FERRARI ONE TO ONE,104990,2009,7350,SIMON FURLONGER,Ferrari,,,,
FERRARI SCUDERIA UK SUPPLIED,209990,2007,5699,SIMON FURLONGER,Ferrari,,,,
FERRARI GT CLASSICHE CERTIFICATION INCLUDED,219990,1969,70000,SIMON FURLONGER,Ferrari,,,,
FERRARI BARCHETTA CLASSICHE CERTIFICATION,284990,2001,12448,SIMON FURLONGER,Ferrari,,,,
FERRARI GT BB LONDON MOTOR SHOW CAR CLASSICHE CERTIFICATION,339990,1975,43001,SIMON FURLONGER,Ferrari,,,,
FERRARI DINO GT,449990,1972,52000,SIMON FURLONGER,Ferrari,,,,
FERRARI GTB DAYTONA CLASSICHE CERTIFICATION,674990,1969,41300,SIMON FURLONGER,Ferrari,,,,
FERRARI GT LUSSO CLASSICHE CERTIFICATION,1499990,1963,0,SIMON FURLONGER,Ferrari,,,,
FERRARI GTB OF RHD WITH TORQUE TUBE CLASSICHE CERTIFICATION,2249990,1966,19514,SIMON FURLONGER,Ferrari,,,,
FERRARI F EU SUPPLIED CLASSICHE CERTIFIED,525199,1989,6395,SIMON FURLONGER,Ferrari,,,,
FERRARI ITALIA,129950,2012,16250,JOE MACARI,Ferrari,,,,
FERRARI GTC LUSSO T V,125950,2019,13986,SCUDERIA PRESTIGE,Ferrari,,,,
FERRARI ROMA T V,164500,2023,321,SCUDERIA PRESTIGE,Ferrari,,,,
FERRARI GTC LUSSO T V,129950,2018,14962,SCUDERIA PRESTIGE,Ferrari,,,,
FERRARI GTS V ULEZ,289990,2020,7900,VAS VEHICLE SOLUTIONS LTD,Ferrari,,,,
FERRARI SPECIALE,335000,2016,4216,SCUDERIA PRESTIGE,Ferrari,,,,
FERRARI ROMA SPIDER,218500,2025,49,SCUDERIA PRESTIGE,Ferrari,,,,
FERRARI FF V,87950,2012,37685,SCUDERIA PRESTIGE,Ferrari,,,,
FERRARI SCAGLIETTI F,59995,2005,66748,SCUDERIA PRESTIGE,Ferrari,,,,
FERRARI PUROSANGUE,389950,2024,2048,ROMANS INTERNATIONAL,Ferrari,,,,
FERRARI SPECIALE,364950,2015,4590,TOP 555,Ferrari,,,,
FERRARI F SPIDER,79950,2005,20000,TOM HARTLEY,Ferrari,,,,
FERRARI SPIDER,134950,2013,17620,TOP 555,Ferrari,,,,
FERRARI ROMA SPIDER,214950,2024,1100,TOP 555,Ferrari,,,,
FERRARI GTB ASSETTO FIORANO ATELIER CAR,232950,2023,2170,TOP 555,Ferrari,,,,
FERRARI SUPERFAST,234950,2019,6500,TOP 555,Ferrari,,,,
FERRARI GTB TAILOR MADE,189950,2017,4729,ROMANS INTERNATIONAL,Ferrari,,,,
FERRARI GTB VAT QUALIFYING,204950,2023,8700,TOM HARTLEY,Ferrari,,,,
M FERRARI M,299950,1995,10500,TOM HARTLEY,Ferrari,,,,
FERRARI PUROSANGUE,375000,2024,2168,ROMANS INTERNATIONAL,Ferrari,,,,
FERRARI PUROSANGUE,374950,2024,920,JOE MACARI,Ferrari,,,,
FERRARI LAFERRARI,525199,2015,998,EUROPEAN PRESTIGE,Ferrari,,,,
FERRARI DAYTONA SP,525199,2023,2500,JOE MACARI,Ferrari,,,,
FERRARI CILINDRI,434950,2025,51,JOE MACARI,Ferrari,,,,
FERRARI LAFERRARI,525199,2014,2700,JOE MACARI,Ferrari,,,,
ROLLS ROYCE CULLINAN BY ONYX CONCEPT,525199,2019,671,DOURADO LUXURY CAR,Rolls Royce,,,,
FERRARI CILINDRI FOR SALE,458995,2025,68,AMARI SUPERCARS,Ferrari,,,,
FERRARI SF STRADALE,299950,2021,2182,ROMANS INTERNATIONAL,Ferrari,,,,
FERRARI GTS LHD,525199,1965,2350,JOE MACARI,Ferrari,,,,
FERRARI F TRIBUTO T V,222990,2021,6500,VAS VEHICLE SOLUTIONS LTD,Ferrari,,,,
FERRARI GTS,99950,1989,41500,JOE MACARI,Ferrari,,,,
FERRARI PISTA FOR SALE,374995,2018,595,AMARI SUPERCARS,Ferrari,,,,
FERRARI GTB,154950,2017,11984,ROMANS INTERNATIONAL,Ferrari,,,,
FERRARI SPECIALE,395000,2015,796,ROMANS INTERNATIONAL,Ferrari,,,,
FERRARI GTC LUSSO T,129950,2017,12250,JOE MACARI,Ferrari,,,,
FERRARI GTB C LHD,525199,1966,1175,JOE MACARI,Ferrari,,,,
FERRARI GTB DAYTONA LHD,525199,1969,5500,JOE MACARI,Ferrari,,,,
FERRARI DINO GT LHD,394950,1972,40650,JOE MACARI,Ferrari,,,,
FERRARI GTC LUSSO T,119950,2018,22728,ROMANS INTERNATIONAL,Ferrari,,,,
FERRARI PORTOFINO M,167950,2022,2388,ROMANS INTERNATIONAL,Ferrari,,,,
FERRARI GTB,214950,2024,1228,ROMANS INTERNATIONAL,Ferrari,,,,
FERRARI ROMA SPIDER,249950,2024,87,ROMANS INTERNATIONAL,Ferrari,,,,
FERRARI GTS,294950,2021,9621,ROMANS INTERNATIONAL,Ferrari,,,,
FERRARI SPECIALE,525199,2015,1735,ROMANS INTERNATIONAL,Ferrari,,,,
FERRARI SPECIALE,525199,2015,2623,ROMANS INTERNATIONAL,Ferrari,,,,
FERRARI PUROSANGUE,525199,2024,762,ROMANS INTERNATIONAL,Ferrari,,,,
FERRARI PUROSANGUE,384950,2024,951,ROMANS INTERNATIONAL,Ferrari,,,,
FERRARI F SCUDERIA SPIDER M,525199,2010,4531,ROMANS INTERNATIONAL,Ferrari,,,,
FERRARI DINO GT,299950,1980,33000,TOM HARTLEY,Ferrari,,,,
FERRARI GTO,625000,2011,3078,ROMANS INTERNATIONAL,Ferrari,,,,
FERRARI GTO,525199,2010,2643,ROMANS INTERNATIONAL,Ferrari,,,,
FERRARI MODENA SPEED MANUAL MILES,129950,2003,900,TOM HARTLEY,Ferrari,,,,
FERRARI SPECIALE APERTA,729995,2015,10437,THE OCTANE COLLECTION,Ferrari,,,,
FERRARI F V ULEZ,119990,2006,20000,VAS VEHICLE SOLUTIONS LTD,Ferrari,,,,
FERRARI SPIDER ULEZ,139990,2012,18800,VAS VEHICLE SOLUTIONS LTD,Ferrari,,,,
FERRARI LUSSO BERLINETTA,1594995,1964,87960,THE OCTANE COLLECTION,Ferrari,,,,
FERRARI GTB,124995,2010,7125,THE OCTANE COLLECTION,Ferrari,,,,
FERRARI SPIDER,184995,2019,1690,THE OCTANE COLLECTION,Ferrari,,,,
FERRARI BBI,249995,1984,600,THE OCTANE COLLECTION,Ferrari,,,,
FERRARI SPIDER F FOR SALE,110995,2007,10364,AMARI SUPERCARS,Ferrari,,,,
FERRARI ENZO,525199,2004,9400,THE OCTANE COLLECTION,Ferrari,,,,
FERRARI PISTA SPIDER,374995,2020,13780,THE OCTANE COLLECTION,Ferrari,,,,
FERRARI GTB FOR SALE,137500,2017,12643,AMARI SUPERCARS,Ferrari,,,,
FERRARI PUROSANGUE FOR SALE,379995,2024,3947,AMARI SUPERCARS,Ferrari,,,,
FERRARI SUPERFAST FOR SALE,219995,2019,15653,AMARI SUPERCARS,Ferrari,,,,
FERRARI CILINDRI FOR SALE,458995,2025,158,AMARI SUPERCARS,Ferrari,,,,
FERRARI DINO GT,394950,1972,40650,JOE MACARI,Ferrari,,,,
FERRARI ITALIA,129950,2012,23915,JOE MACARI,Ferrari,,,,
LAMBORGHINI URUS S,1350000,2024,34,DOURADO LUXURY CAR,Lamborghini,,,,
FERRARI PUROSANGUE V,379950,2024,400,TOM HARTLEY,Ferrari,,,,
FERRARI ROMA SPIDER VAT QUALIFYING,239950,2024,50,TOM HARTLEY,Ferrari,,,,
FERRARI GTC LHD,239950,1972,15000,JOE MACARI,Ferrari,,,,
FERRARI GTB DAYTONA,599950,1973,42225,JOE MACARI,Ferrari,,,,
FERRARI GTB DAYTONA,525199,1969,5500,JOE MACARI,Ferrari,,,,
LAMBORGHINI MIURA P,525199,1968,8850,JOE MACARI,Lamborghini,,,,
FERRARI L GTB F MILES ONLY,89950,2007,10700,SLADES GARAGE,Ferrari,,,,
FERRARI F L SPIDER MANUAL RHD,89950,1997,26000,SLADES GARAGE,Ferrari,,,,
FERRARI FF V COUPE DR PETROL F DCT WD EURO S S BHP,89950,2012,40548,SLADES GARAGE,Ferrari,,,,
FERRARI MARANELLO COUPE DR PETROL MANUAL G KM BHP,94950,1998,36734,SLADES GARAGE,Ferrari,,,,
FERRARI L MARANELLO RHD,94950,1997,36000,SLADES GARAGE,Ferrari,,,,
FERRARI F L BERLINETTA SPEC RHD MANUAL,110950,1994,37650,SLADES GARAGE,Ferrari,,,,
FERRARI F L BERLINETTA MANUAL RHD,525199,1996,44000,SLADES GARAGE,Ferrari,,,,
FERRARI L ITALIA COUPE DR PETROL F DCT EURO BHP,129950,2010,14500,SLADES GARAGE,Ferrari,,,,
FERRARI L V GTB COUPE DR PETROL F DCT EURO S S PS,142950,2016,20150,SLADES GARAGE,Ferrari,,,,
FERRARI GTC LUSSO L V COUPE DR PETROL F DCT WD EURO S S PS,149950,2018,29280,SLADES GARAGE,Ferrari,,,,
FERRARI M L MARANELLO MANUAL OF UK RHD,169950,2002,26500,SLADES GARAGE,Ferrari,,,,
FERRARI F L BERLINETTA RHD MANUAL K CARBON RACE SEATS,169950,1998,11000,SLADES GARAGE,Ferrari,,,,
FERRARI F L BERLINETTA RHD MANUAL K CARBON RACE SEATS,169950,1998,7863,SLADES GARAGE,Ferrari,,,,
FERRARI F BERLINETTA L V COUPE DR PETROL F DCT EURO S S PS,194950,2016,11052,SLADES GARAGE,Ferrari,,,,
FERRARI GT COMPETIZIONE,249950,2767,27675,JOE MACARI,Ferrari,,,,
FERRARI PUROSANGUE FOR SALE,429995,2024,2430,AMARI SUPERCARS,Ferrari,,,,
FERRARI F SCUDERIA SPIDER M OF UK RHD FOR SALE,525199,2009,9230,AMARI SUPERCARS,Ferrari,,,,
FERRARI GTB ALLOY,525199,1965,0,TOM HARTLEY JNR,Ferrari,,,,
FERRARI PUROSANGUE,365000,2024,1417,TOM HARTLEY JNR,Ferrari,,,,
FERRARI SF SPIDER ASSETTO FIORANO,399500,2022,1415,TOM HARTLEY JNR,Ferrari,,,,
FERRARI F TDF,795000,2016,5363,TOM HARTLEY JNR,Ferrari,,,,
FERRARI DINO GT,299500,1972,42161,TOM HARTLEY JNR,Ferrari,,,,
LAMBORGHINI COUNTACH ANNIVERSARY FOR SALE,699995,1995,7000,AMARI SUPERCARS,Lamborghini,,,,
FERRARI ITALIA ULEZ,109990,2012,26000,VAS VEHICLE SOLUTIONS LTD,Ferrari,,,,
FERRARI SUPERFAST,219950,2019,2600,JOE MACARI,Ferrari,,,,
FERRARI GTB FOR SALE,204995,2023,1629,AMARI SUPERCARS,Ferrari,,,,
ROLLS ROYCE CULLINAN SERIES II,2070000,2025,37,DOURADO LUXURY CAR,Rolls Royce,,,,
FERRARI F SCUDERIA SPIDER M OF UK RHD FOR SALE,399995,2009,6500,AMARI SUPERCARS,Ferrari,,,,
LAMBORGHINI REVUELTO,649995,2024,73,EUROPEAN PRESTIGE,Lamborghini,,,,
BENTLEY BENTAYGA S BY ONYX CONCEPT,1525000,2024,30,DOURADO LUXURY CAR,Bentley,,,,
LAMBORGHINI AVENTADOR S LP ROADSTER,269950,2019,10900,ROMANS INTERNATIONAL,Lamborghini,,,,
LAMBORGHINI AVENTADOR S ROADSTER LP FOR SALE,259995,2018,7708,AMARI SUPERCARS,Lamborghini,,,,
LAMBORGHINI URUS V,163990,2021,28000,VAS VEHICLE SOLUTIONS LTD,Lamborghini,,,,
LAMBORGHINI AVENTADOR SV,299995,2016,13298,EUROPEAN PRESTIGE,Lamborghini,,,,
LAMBORGHINI HURACAN LP TECNICA,219950,2023,1200,TOM HARTLEY,Lamborghini,,,,
LAMBORGHINI AVENTADOR LP SVJ OWNER,499950,2019,3500,TOM HARTLEY,Lamborghini,,,,
LAMBORGHINI URUS PERFORMANTE,249995,2023,11832,EUROPEAN PRESTIGE,Lamborghini,,,,
LAMBORGHINI HURACAN LP EVO,194950,2022,4000,TOM HARTLEY,Lamborghini,,,,
LAMBORGHINI AVENTADOR V LP ULEZ,174990,2015,30000,VAS VEHICLE SOLUTIONS LTD,Lamborghini,,,,
LAMBORGHINI AVENTADOR LP SV,289990,2016,15000,VAS VEHICLE SOLUTIONS LTD,Lamborghini,,,,
LAMBORGHINI URUS PERFORMANTE,525199,2024,1027,EUROPEAN PRESTIGE,Lamborghini,,,,
LAMBORGHINI AVENTADOR SVJ ROADSTER FOR SALE,525199,2020,800,AMARI SUPERCARS,Lamborghini,,,,
LAMBORGHINI AVENTADOR LP S,224950,2017,8000,TOM HARTLEY,Lamborghini,,,,
LAMBORGHINI URUS,179995,2022,17100,EUROPEAN PRESTIGE,Lamborghini,,,,
LAMBORGHINI URUS PERFORMANTE,249950,2024,3649,ROMANS INTERNATIONAL,Lamborghini,,,,
LAMBORGHINI DIABLO WD U K SUPPLIED,525199,1992,24550,SIMON FURLONGER,Lamborghini,,,,
LAMBORGHINI URUS,174995,2022,26157,EUROPEAN PRESTIGE,Lamborghini,,,,
LAMBORGHINI GALLARDO FOR SALE,79995,2009,34434,AMARI SUPERCARS,Lamborghini,,,,
LAMBORGHINI REVUELTO,489950,2024,1954,ROMANS INTERNATIONAL,Lamborghini,,,,
LAMBORGHINI ISLERO TOTAL RESTORATION BY FURLONGER,525199,1968,37065,SIMON FURLONGER,Lamborghini,,,,
LAMBORGHINI HURACAN V LP PERFORMANTE ULEZ,199990,2018,13000,VAS VEHICLE SOLUTIONS LTD,Lamborghini,,,,
LAMBORGHINI HURACAN EVO LP FLUO CAPSULE,204950,2021,9800,TOM HARTLEY,Lamborghini,,,,
LAMBORGHINI AVENTADOR SVJ LP ROADSTER,624950,2020,3455,ROMANS INTERNATIONAL,Lamborghini,,,,
LAMBORGHINI AVENTADOR S LP ROADSTER,274950,2018,9013,ROMANS INTERNATIONAL,Lamborghini,,,,
LAMBORGHINI URUS PERFORMANTE,234950,2024,19198,ROMANS INTERNATIONAL,Lamborghini,,,,
LAMBORGHINI HURACAN V LP EVO ULEZ,179990,2020,9600,VAS VEHICLE SOLUTIONS LTD,Lamborghini,,,,
LAMBORGHINI HURACAN V LP EVO ULEZ,179990,2021,17000,VAS VEHICLE SOLUTIONS LTD,Lamborghini,,,,
LAMBORGHINI HURACAN V STERRATO ULEZ,229990,2023,3800,VAS VEHICLE SOLUTIONS LTD,Lamborghini,,,,
LAMBORGHINI URUS PERFORMANTE FOR SALE,254995,2024,5537,AMARI SUPERCARS,Lamborghini,,,,
LAMBORGHINI AVENTADOR SV FOR SALE,314995,2017,3665,AMARI SUPERCARS,Lamborghini,,,,
LAMBORGHINI URUS,174950,2020,12161,ROMANS INTERNATIONAL,Lamborghini,,,,
LAMBORGHINI URUS S,217950,2024,6054,ROMANS INTERNATIONAL,Lamborghini,,,,
LAMBORGHINI URUS PERFORMANTE,269950,2025,2171,ROMANS INTERNATIONAL,Lamborghini,,,,
LAMBORGHINI HURACAN TECNICA,214950,2024,2115,ROMANS INTERNATIONAL,Lamborghini,,,,
LAMBORGHINI REVUELTO,525199,2024,1985,EUROPEAN PRESTIGE,Lamborghini,,,,
LAMBORGHINI HURACAN STO FOR SALE,287995,2023,3470,AMARI SUPERCARS,Lamborghini,,,,
LAMBORGHINI GALLARDO V LP ULEZ,79990,2011,27800,VAS VEHICLE SOLUTIONS LTD,Lamborghini,,,,
AUDI R GT FSI QUATTRO R TRONIC OF UK CARS,109990,2011,3100,SIMON FURLONGER,Audi,,,,
LAMBORGHINI URUS PERFORMANTE,254995,2024,7000,EUROPEAN PRESTIGE,Lamborghini,,,,
LAMBORGHINI AVENTADOR SV ROADSTER,329995,2016,8552,EUROPEAN PRESTIGE,Lamborghini,,,,
LAMBORGHINI AVENTADOR SV ROADSTER,354995,2016,1438,EUROPEAN PRESTIGE,Lamborghini,,,,
A LAMBORGHINI JALPA P,525199,1983,41000,TOM HARTLEY,Lamborghini,,,,
LAMBORGHINI MURCIELAGO V VT ULEZ,259990,2005,56000,VAS VEHICLE SOLUTIONS LTD,Lamborghini,,,,
LAMBORGHINI URUS PERFORMANTE FOR SALE,244750,2023,9272,AMARI SUPERCARS,Lamborghini,,,,
LAMBORGHINI HURACAN V LP ULEZ,124990,2015,33500,VAS VEHICLE SOLUTIONS LTD,Lamborghini,,,,
LAMBORGHINI HURACAN LP PERFORMANTE,177950,2018,19000,TOM HARTLEY,Lamborghini,,,,
LAMBORGHINI HURACAN V LP ULEZ,129990,2015,14500,VAS VEHICLE SOLUTIONS LTD,Lamborghini,,,,
LAMBORGHINI AVENTADOR LP ROADSTER,207990,2016,5900,VAS VEHICLE SOLUTIONS LTD,Lamborghini,,,,
LAMBORGHINI AVENTADOR S FOR SALE,209995,2017,17000,AMARI SUPERCARS,Lamborghini,,,,
LAMBORGHINI HURACAN TECNICA LP FOR SALE,525199,2023,2398,AMARI SUPERCARS,Lamborghini,,,,
LAMBORGHINI GALLARDO LP COUPE,79990,2009,27500,VAS VEHICLE SOLUTIONS LTD,Lamborghini,,,,
LAMBORGHINI HURACAN LP SPYDER,144950,2017,17265,TOP 555,Lamborghini,,,,
LAMBORGHINI URUS V PEARL CAPSULE,182500,2021,22001,SCUDERIA PRESTIGE,Lamborghini,,,,
LAMBORGHINI HURACAN V LP PERFORMANTE,187500,2019,19200,SCUDERIA PRESTIGE,Lamborghini,,,,
LAMBORGHINI AVENTADOR LP SV ULEZ,299990,2016,7600,VAS VEHICLE SOLUTIONS LTD,Lamborghini,,,,
LAMBORGHINI AVENTADOR LP S ROADSTER,274950,2018,9013,ROMANS INTERNATIONAL,Lamborghini,,,,
LAMBORGHINI SILHOUETTE V,149950,1978,31000,TOM HARTLEY,Lamborghini,,,,
LAMBORGHINI COUNTACH QV,849990,1988,14350,SIMON FURLONGER,Lamborghini,,,,
LAMBORGHINI HURACAN LP PERFORMANTE SPYDER,199950,2015,17156,ROMANS INTERNATIONAL,Lamborghini,,,,
LAMBORGHINI URUS PERFORMANTE FOR SALE,269995,2025,2000,AMARI SUPERCARS,Lamborghini,,,,
LAMBORGHINI REVUELTO,529950,2024,610,ROMANS INTERNATIONAL,Lamborghini,,,,
LAMBORGHINI REVUELTO,499995,2024,629,EUROPEAN PRESTIGE,Lamborghini,,,,
LAMBORGHINI HURACAN TECNICA,209950,2023,1311,ROMANS INTERNATIONAL,Lamborghini,,,,
LAMBORGHINI HURACAN LP,122950,2015,26000,TOM HARTLEY,Lamborghini,,,,
LAMBORGHINI HURACAN TECNICA,207950,2023,6500,ROMANS INTERNATIONAL,Lamborghini,,,,
LAMBORGHINI REVUELTO,565000,2025,407,ROMANS INTERNATIONAL,Lamborghini,,,,
LAMBORGHINI AVENTADOR LP S ROADSTER,259990,2018,19000,VAS VEHICLE SOLUTIONS LTD,Lamborghini,,,,
LAMBORGHINI URUS SE,264995,2025,1828,EUROPEAN PRESTIGE,Lamborghini,,,,
LAMBORGHINI URUS PERFORMANTE FOR SALE,264995,2025,3300,AMARI SUPERCARS,Lamborghini,,,,
LAMBORGHINI REVUELTO FOR SALE,529995,2024,1124,AMARI SUPERCARS,Lamborghini,,,,
LAMBORGHINI COUNTACH TH ANNIVERSARY FOR SALE,599995,1989,11016,AMARI SUPERCARS,Lamborghini,,,,
FERRARI SUPERFAST,1350000,2021,2948,DOURADO LUXURY CAR,Ferrari,,,,
LAMBORGHINI HURACAN V LP PERFORMANTE ULEZ,184990,2018,10000,VAS VEHICLE SOLUTIONS LTD,Lamborghini,,,,
LAMBORGHINI HURACAN STO,264950,2022,9450,TOP 555,Lamborghini,,,,
LAMBORGHINI HURACAN LP,131990,2016,16000,VAS VEHICLE SOLUTIONS LTD,Lamborghini,,,,
LAMBORGHINI AVENTADOR LP ROADSTER,174990,2013,22000,VAS VEHICLE SOLUTIONS LTD,Lamborghini,,,,
LAMBORGHINI AVENTADOR LP ROADSTER,179990,2013,16500,VAS VEHICLE SOLUTIONS LTD,Lamborghini,,,,
LAMBORGHINI URUS PEARL CAPSULE FOR SALE,199995,2022,4587,AMARI SUPERCARS,Lamborghini,,,,
ROLLS ROYCE CULLINAN SERIES II,1950000,2025,53,DOURADO LUXURY CAR,Rolls Royce,,,,
LAMBORGHINI MIURA S SV UPGRADE,1999950,1971,6500,TOM HARTLEY,Lamborghini,,,,
LAMBORGHINI URUS V FOR SALE,174995,2021,17500,AMARI SUPERCARS,Lamborghini,,,,
G LAMBORGHINI COUNTACH TH ANNIVERSARY,624950,1990,6000,TOM HARTLEY,Lamborghini,,,,
G LAMBORGHINI COUNTACH V TH ANNIVERSARY,624950,1990,8000,TOM HARTLEY,Lamborghini,,,,
LAMBORGHINI HURACAN LP PERFORMANTE SPYDER,209950,2018,15343,ROMANS INTERNATIONAL,Lamborghini,,,,
LAMBORGHINI URUS V S,199990,2023,18000,VAS VEHICLE SOLUTIONS LTD,Lamborghini,,,,
LAMBORGHINI HURACAN V LP PERFORMANTE ULEZ,199990,2018,12500,VAS VEHICLE SOLUTIONS LTD,Lamborghini,,,,
LAMBORGHINI GALLARDO SUPERLEGGERA ULEZ,114990,2008,31000,VAS VEHICLE SOLUTIONS LTD,Lamborghini,,,,
LAMBORGHINI AVENTADOR V LP SUPERVELOCE ULEZ,334990,2016,6800,VAS VEHICLE SOLUTIONS LTD,Lamborghini,,,,
LAMBORGHINI URUS V,184950,2022,6000,TOM HARTLEY,Lamborghini,,,,
LAMBORGHINI URUS SE,286950,2025,195,TOP 555,Lamborghini,,,,
LAMBORGHINI REVENTON COUPE,1650000,2008,2790,SUPERVETTURA,Lamborghini,,,,
LAMBORGHINI REVUELTO,535000,2024,1979,ROMANS INTERNATIONAL,Lamborghini,,,,
LAMBORGHINI HURACAN EVO LP,169950,2022,4800,TOM HARTLEY,Lamborghini,,,,
LAMBORGHINI AVENTADOR SVJ LP FOR SALE,479995,2019,3479,AMARI SUPERCARS,Lamborghini,,,,
LAMBORGHINI AVENTADOR LP,149990,2011,19711,SIMON FURLONGER,Lamborghini,,,,
LAMBORGHINI MURCIELAGO MANUAL TRANSMISSION,299990,2003,24799,SIMON FURLONGER,Lamborghini,,,,
LAMBORGHINI DIABLO VT ROADSTER OF RIGHT HAND DRIVE,329990,1997,21749,SIMON FURLONGER,Lamborghini,,,,
LAMBORGHINI MURCIELAGO ROADSTER,525199,2006,338,SIMON FURLONGER,Lamborghini,,,,
LAMBORGHINI MURCIELAGO LP MANUAL TRANSMISSION,525199,2006,22750,SIMON FURLONGER,Lamborghini,,,,
LAMBORGHINI DIABLO SV ROADSTER,649990,1998,14453,SIMON FURLONGER,Lamborghini,,,,
LAMBORGHINI COUNTACH TH ANNIVERSARY FACTORY SPORTS SEATS,525199,1989,24250,SIMON FURLONGER,Lamborghini,,,,
LAMBORGHINI MURCIELAGO LP SV,699990,2009,14565,SIMON FURLONGER,Lamborghini,,,,
LAMBORGHINI COUNTACH LP PERISCOPIO,525199,1975,11918,SIMON FURLONGER,Lamborghini,,,,
LAMBORGHINI REVUELTO V HPEV,539500,2024,422,SCUDERIA PRESTIGE,Lamborghini,,,,
LAMBORGHINI URUS V,207500,2021,12215,SCUDERIA PRESTIGE,Lamborghini,,,,
LAMBORGHINI HURACAN V LP EVO,179950,2020,9746,SCUDERIA PRESTIGE,Lamborghini,,,,
LAMBORGHINI URUS V PEARL CAPSULE,194950,2021,21987,SCUDERIA PRESTIGE,Lamborghini,,,,
LAMBORGHINI HURACAN V LP PERFORMANTE,189500,2019,18954,SCUDERIA PRESTIGE,Lamborghini,,,,
LAMBORGHINI URUS PERFORMANTE V,239950,2023,7680,TOP 555,Lamborghini,,,,
G LAMBORGHINI COUNTACH TH ANNIVERSARY,599950,1989,10000,TOM HARTLEY,Lamborghini,,,,
ROLLS ROYCE CULLINAN BY ONYX CONCEPT,525199,2019,671,DOURADO LUXURY CAR,Rolls Royce,,,,
P LAMBORGHINI DIABLO VT,525199,1997,17000,TOM HARTLEY,Lamborghini,,,,
LAMBORGHINI DIABLO SV,489995,1997,31963,THE OCTANE COLLECTION,Lamborghini,,,,
LAMBORGHINI AVENTADOR S LP ROADSTER,279950,2018,3538,ROMANS INTERNATIONAL,Lamborghini,,,,
FERRARI GTB DAYTONA LHD,525199,1969,5500,JOE MACARI,Ferrari,,,,
LAMBORGHINI URUS,184950,2022,8683,ROMANS INTERNATIONAL,Lamborghini,,,,
LAMBORGHINI URUS PEARL CAPSULE,525199,2022,2749,ROMANS INTERNATIONAL,Lamborghini,,,,
LAMBORGHINI URUS S,204950,2023,19787,ROMANS INTERNATIONAL,Lamborghini,,,,
LAMBORGHINI HURACAN LP EVO,525199,2022,3400,ROMANS INTERNATIONAL,Lamborghini,,,,
LAMBORGHINI HURACAN TECNICA,525199,2023,1111,ROMANS INTERNATIONAL,Lamborghini,,,,
LAMBORGHINI URUS S,216950,2023,7675,ROMANS INTERNATIONAL,Lamborghini,,,,
LAMBORGHINI URUS S,216950,2023,5230,ROMANS INTERNATIONAL,Lamborghini,,,,
LAMBORGHINI AVENTADOR S LP,525199,2017,7486,ROMANS INTERNATIONAL,Lamborghini,,,,
LAMBORGHINI URUS PERFORMANTE,244950,2023,2507,ROMANS INTERNATIONAL,Lamborghini,,,,
LAMBORGHINI AVENTADOR S LP ROADSTER,259950,2019,9237,ROMANS INTERNATIONAL,Lamborghini,,,,
LAMBORGHINI REVUELTO,475000,2024,80,ROMANS INTERNATIONAL,Lamborghini,,,,
LAMBORGHINI URUS S URBAN FOR SALE,239995,2024,16421,AMARI SUPERCARS,Lamborghini,,,,
LAMBORGHINI REVUELTO FOR SALE,498995,2024,966,AMARI SUPERCARS,Lamborghini,,,,
LAMBORGHINI REVUELTO FOR SALE,499500,2024,2947,AMARI SUPERCARS,Lamborghini,,,,
LAMBORGHINI AVENTADOR SV ROADSTER FOR SALE,344995,2017,11347,AMARI SUPERCARS,Lamborghini,,,,
LAMBORGHINI URUS PERFORMANTE FOR SALE,269995,2025,1138,AMARI SUPERCARS,Lamborghini,,,,
LAMBORGHINI REVUELTO FOR SALE,609995,2025,85,AMARI SUPERCARS,Lamborghini,,,,
LAMBORGHINI AVENTADOR V LP,184990,2015,11000,VAS VEHICLE SOLUTIONS LTD,Lamborghini,,,,
LAMBORGHINI AVENTADOR LP S ROADSTER,249950,2018,10000,TOM HARTLEY,Lamborghini,,,,
LAMBORGHINI URUS V,184950,2021,7000,TOM HARTLEY,Lamborghini,,,,
LAMBORGHINI HURACAN V LP PERFORMANTE ULEZ,208990,2018,15000,VAS VEHICLE SOLUTIONS LTD,Lamborghini,,,,
LAMBORGHINI AVENTADOR V LP ULEZ,184990,2013,25000,VAS VEHICLE SOLUTIONS LTD,Lamborghini,,,,
LAMBORGHINI HURACAN V LP PERFORMANTE,219990,2018,15000,VAS VEHICLE SOLUTIONS LTD,Lamborghini,,,,
LAMBORGHINI URUS S,1350000,2024,34,DOURADO LUXURY CAR,Lamborghini,,,,
LAMBORGHINI URUS V S,209990,2023,17500,VAS VEHICLE SOLUTIONS LTD,Lamborghini,,,,
FERRARI GTB DAYTONA,525199,1969,5500,JOE MACARI,Ferrari,,,,
LAMBORGHINI DIABLO,599950,1993,249,JOE MACARI,Lamborghini,,,,
LAMBORGHINI COUNTACH QV RHD,774950,1988,9075,JOE MACARI,Lamborghini,,,,
LAMBORGHINI MIURA P,525199,1968,8850,JOE MACARI,Lamborghini,,,,
LAMBORGHINI REVUELTO FOR SALE,609995,2025,50,AMARI SUPERCARS,Lamborghini,,,,
LAMBORGHINI URUS PERFORMANTE FOR SALE,262995,2024,4788,AMARI SUPERCARS,Lamborghini,,,,
LAMBORGHINI MURCIELAGO L V LP COUPE DR PETROL EGEAR WD EURO PS,525199,2015,22000,SLADES GARAGE,Lamborghini,,,,
LAMBORGHINI URUS PERFORMANTE,525199,2025,0,TOM HARTLEY JNR,Lamborghini,,,,
LAMBORGHINI COUNTACH ANNIVERSARY FOR SALE,699995,1995,7000,AMARI SUPERCARS,Lamborghini,,,,
LAMBORGHINI URUS V S FOR SALE,525199,2024,2142,AMARI SUPERCARS,Lamborghini,,,,
LAMBORGHINI URUS V PERFORMANTE FOR SALE,264995,2023,7786,AMARI SUPERCARS,Lamborghini,,,,
ROLLS ROYCE CULLINAN SERIES II,2070000,2025,37,DOURADO LUXURY CAR,Rolls Royce,,,,
LAMBORGHINI GALLARDO LP SPYDER ULEZ,82990,2010,14000,VAS VEHICLE SOLUTIONS LTD,Lamborghini,,,,
LAMBORGHINI MURCIELAGO LP SV ULEZ,525199,2009,4950,VAS VEHICLE SOLUTIONS LTD,Lamborghini,,,,
LAMBORGHINI URUS,164950,2019,32425,JOE MACARI,Lamborghini,,,,
LAMBORGHINI AVENTADOR SV,289950,2016,3800,TOM HARTLEY,Lamborghini,,,,
LAMBORGHINI HURACAN V LP PERFORMANTE ULEZ,179990,2018,19500,VAS VEHICLE SOLUTIONS LTD,Lamborghini,,,,
BENTLEY BENTAYGA S ONYX CONCEPT OF,1575000,2024,66,DOURADO LUXURY CAR,Bentley,,,,
LAMBORGHINI DIABLO,259990,1991,29000,VAS VEHICLE SOLUTIONS LTD,Lamborghini,,,,
FERRARI SF SPIDER ASSETTO FIORANO PACKAGE,2308000,2022,1837,DOURADO LUXURY CAR,Ferrari,,,,
ROLLS ROYCE CULLINAN ONYX CONCEPT,2450000,2024,40,DOURADO LUXURY CAR,Rolls Royce,,,,
ROLLS ROYCE CULLINAN ONYX CONCEPT,2350000,2024,50,DOURADO LUXURY CAR,Rolls Royce,,,,
ROLLS ROYCE CULLINAN ONYX CONCEPT,2475000,2024,38,DOURADO LUXURY CAR,Rolls Royce,,,,
ROLLS ROYCE CULLINAN BLACK BADGE ONYX CONCEPT,2450000,2023,35,DOURADO LUXURY CAR,Rolls Royce,,,,
ROLLS ROYCE CULLINAN ONYX CONCEPT,2350000,2024,34,DOURADO LUXURY CAR,Rolls Royce,,,,
ROLLS ROYCE DAWN ONYX CONCEPT OF,2700000,2020,3250,DOURADO LUXURY CAR,Rolls Royce,,,,
ROLLS ROYCE DAWN ONYX CONCEPT,2250000,2020,8686,DOURADO LUXURY CAR,Rolls Royce,,,,
ROLLS ROYCE DAWN ONYX CONCEPT,2750000,2022,726,DOURADO LUXURY CAR,Rolls Royce,,,,
ROLLS ROYCE WRAITH ONYX CONCEPT,3000000,2023,111,DOURADO LUXURY CAR,Rolls Royce,,,,
ROLLS ROYCE WRAITH BLACK BADGE ONYX CONCEPT,2150000,2020,9887,DOURADO LUXURY CAR,Rolls Royce,,,,
ROLLS ROYCE WRAITH ONYX CONCEPT,2150000,2020,7535,DOURADO LUXURY CAR,Rolls Royce,,,,
ROLLS ROYCE WRAITH ONYX CONCEPT OF,2150000,2020,5833,DOURADO LUXURY CAR,Rolls Royce,,,,
ROLLS ROYCE CULLINAN BLACK BADGE NOVITEC SPOFEC KIT,2050000,2022,118,DOURADO LUXURY CAR,Rolls Royce,,,,
ROLLS ROYCE CULLINAN BLACK BADGE NOVITEC SPOFEC KIT,2050000,2022,35,DOURADO LUXURY CAR,Rolls Royce,,,,
ROLLS ROYCE PHANTOM EXTENDED,950000,2014,10965,DOURADO LUXURY CAR,Rolls Royce,,,,
ROLLS ROYCE GHOST,860000,2020,4432,DOURADO LUXURY CAR,Rolls Royce,,,,
MERCEDES BENZ AMG GT R PRO,740000,2019,4698,DOURADO LUXURY CAR,Mercedes Benz,,,,
MERCEDES BENZ AMG GT BLACK SERIES LIMITED EDITION,1950000,2022,16,DOURADO LUXURY CAR,Mercedes Benz,,,,
PORSCHE TURBO S CABRIOLET,1100000,2023,65,DOURADO LUXURY CAR,Porsche,,,,
PORSCHE TURBO S CABRIOLET,1100000,31,19,DOURADO LUXURY CAR,Porsche,,,,
PORSCHE CAYENNE TURBO GT COUPE,750000,2023,6,DOURADO LUXURY CAR,Porsche,,,,
PORSCHE CAYENNE TURBO GT COUPE,730000,2023,21,DOURADO LUXURY CAR,Porsche,,,,
PORSCHE GT RS WEISSACH PACKAGE,2065000,2019,66,DOURADO LUXURY CAR,Porsche,,,,
PORSCHE GT RS WEISSACH RS PACKAGE,835000,2019,8641,DOURADO LUXURY CAR,Porsche,,,,
FERRARI GTS,2000000,2022,390,DOURADO LUXURY CAR,Ferrari,,,,
LAMBORGHINI URUS CAPSULE NOVITEC EDITION,1380000,2021,45,DOURADO LUXURY CAR,Lamborghini,,,,
LAMBORGHINI URUS NOVITEC EDITION,1350000,2023,2495,DOURADO LUXURY CAR,Lamborghini,,,,
FERRARI SUPERFAST XX BY ONYX CONCEPT OF,2100000,2022,396,DOURADO LUXURY CAR,Ferrari,,,,
FERRARI GTS XX BY ONYX CONCEPT,2550000,2023,63,DOURADO LUXURY CAR,Ferrari,,,,
FERRARI GTB,1050000,2023,4216,DOURADO LUXURY CAR,Ferrari,,,,
FERRARI GTS,2150000,2022,518,DOURADO LUXURY CAR,Ferrari,,,,
FERRARI GTS,2000000,2022,305,DOURADO LUXURY CAR,Ferrari,,,,
FERRARI GTS,1900000,2022,2059,DOURADO LUXURY CAR,Ferrari,,,,
FERRARI ROMA,1015000,2023,43,DOURADO LUXURY CAR,Ferrari,,,,
FERRARI ROMA,1015000,2022,27,DOURADO LUXURY CAR,Ferrari,,,,
FERRARI PISTA PILOTI OF LIMITED EDITION,3100000,2020,685,DOURADO LUXURY CAR,Ferrari,,,,
FERRARI PISTA SPIDER,2050000,2020,8026,DOURADO LUXURY CAR,Ferrari,,,,
BENTLEY CONTINENTAL GTX III ATHEA BY ONYX CONCEPT OF,1950000,2023,86,DOURADO LUXURY CAR,Bentley,,,,
BENTLEY CONTINENTAL GTX II ONYX CONCEPT,1730000,2024,41,DOURADO LUXURY CAR,Bentley,,,,
BENTLEY CONTINENTAL GTX II ONYX CONCEPT,1650000,2024,32,DOURADO LUXURY CAR,Bentley,,,,
BENTLEY BENTAYGA,1200000,2023,24,DOURADO LUXURY CAR,Bentley,,,,
BENTLEY FLYING SPUR EXPORT PRICE AED,1250000,2023,21,DOURADO LUXURY CAR,Bentley,,,,
BENTLEY CONTINENTAL GTC SPEED,1565000,2023,35,DOURADO LUXURY CAR,Bentley,,,,
BENTLEY CONTINENTAL GTC,1200000,2023,31,DOURADO LUXURY CAR,Bentley,,,,
LAMBORGHINI HURACAN STO FOR SALE,269950,2022,3100,AMARI SUPERCARS,Lamborghini,,,,
LAMBORGHINI AVENTADOR SV LP FOR SALE,299995,2016,7580,AMARI SUPERCARS,Lamborghini,,,,
LAMBORGHINI HURACAN TECNICA,229950,2023,330,TOM HARTLEY,Lamborghini,,,,
LAMBORGHINI REVUELTO FOR SALE,539995,2024,738,AMARI SUPERCARS,Lamborghini,,,,
LAMBORGHINI HURACAN EVO SPYDER LP FOR SALE,199995,2021,5076,AMARI SUPERCARS,Lamborghini,,,,
LAMBORGHINI HURACAN LP PERFORMANTE,164950,2018,24000,TOM HARTLEY,Lamborghini,,,,
LAMBORGHINI HURACAN EVO LP FOR SALE,195995,2020,13488,AMARI SUPERCARS,Lamborghini,,,,
LAMBORGHINI URUS V,174950,2019,27000,TOM HARTLEY,Lamborghini,,,,
LAMBORGHINI URUS V,175990,2021,27000,VAS VEHICLE SOLUTIONS LTD,Lamborghini,,,,
LAMBORGHINI URUS PERFORMANTE FOR SALE,289995,2024,256,AMARI SUPERCARS,Lamborghini,,,,
LAMBORGHINI AVENTADOR LP SV,374950,2016,300,TOM HARTLEY,Lamborghini,,,,
LAMBORGHINI AVENTADOR LP ULTIMAE ROADSTER FOR SALE,509995,2022,3716,AMARI SUPERCARS,Lamborghini,,,,
G LAMBORGHINI COUNTACH V TH ANNIVERSARY,499950,1990,4800,TOM HARTLEY,Lamborghini,,,,
FERRARI BBI LHD,264950,1982,32000,JOE MACARI,Ferrari,,,,
LAMBORGHINI MIURA P S LHD,525199,1970,79700,JOE MACARI,Lamborghini,,,,
LAMBORGHINI HURACAN TECNICA FOR SALE,248995,2024,43,AMARI SUPERCARS,Lamborghini,,,,
LAMBORGHINI HURACAN V LP PERFORMANTE ULEZ,215990,2018,16000,VAS VEHICLE SOLUTIONS LTD,Lamborghini,,,,
LAMBORGHINI HURACAN SPYDER,159900,2016,12503,GVE LONDON,Lamborghini,,,,
LAMBORGHINI URUS,199950,2021,10787,ROMANS INTERNATIONAL,Lamborghini,,,,
LAMBORGHINI HURACAN TECNICA TH ANNIVERSARY FOR SALE,394995,2024,89,AMARI SUPERCARS,Lamborghini,,,,
LAMBORGHINI URUS PERFORMANTE FOR SALE,315995,2023,944,AMARI SUPERCARS,Lamborghini,,,,
LAMBORGHINI AVENTADOR LP SV COUPE ULEZ,289950,2015,6499,SCUDERIA PRESTIGE,Lamborghini,,,,
LAMBORGHINI HURACAN LP,124950,2014,23000,TOM HARTLEY,Lamborghini,,,,
LAMBORGHINI AVENTADOR S LP FOR SALE,229995,2017,8051,AMARI SUPERCARS,Lamborghini,,,,
LAMBORGHINI HURACAN STERRATO FOR SALE,304995,2023,200,AMARI SUPERCARS,Lamborghini,,,,
LAMBORGHINI AVENTADOR S FOR SALE,234995,2018,3716,AMARI SUPERCARS,Lamborghini,,,,
LAMBORGHINI HURACAN LP EVO RWD,234950,2022,2779,ROMANS INTERNATIONAL,Lamborghini,,,,
LAMBORGHINI HURACAN V LP PERFORMANTE SPYDER LDF WD EURO DR,229990,2018,4759,REDLINE SPECIALIST CARS,Lamborghini,,,,
LAMBORGHINI HURACAN LP TECNICA,284950,2023,36,ROMANS INTERNATIONAL,Lamborghini,,,,
MASERATI MC,254950,2022,155,ROMANS INTERNATIONAL,Maserati,,,,
LAMBORGHINI AVENTADOR LP S ULEZ,234950,2017,17480,SCUDERIA PRESTIGE,Lamborghini,,,,
LAMBORGHINI HURACAN STO V STO DR AUTO AUTOMATIC COUP AT LAMBORGHINI TUNBRIDGE WELLS,319000,2023,429,GRANGE LAMBORGHINI TUNBRIDGE WELLS,Lamborghini,,,,
MCLAREN S SPIDER V DR SSG AUTO SPORTS EXHAUST BOWERS AND WILKINS AUTOMATIC CONVERTIBLE AVAILABLE FROM LAMBORGHINI TUNBRIDGE WELLS,121900,2019,3900,GRANGE LAMBORGHINI TUNBRIDGE WELLS,Lamborghini,,,,
LAMBORGHINI HURACAN V LP SPYDER LDF WD EURO DR,159990,2016,9237,REDLINE SPECIALIST CARS,Lamborghini,,,,
LAMBORGHINI AVENTADOR LP ULTIMAE ISR AUTOMATIC DOOR COUP AT LAMBORGHINI TUNBRIDGE WELLS,465000,2022,166,GRANGE LAMBORGHINI TUNBRIDGE WELLS,Lamborghini,,,,
LAMBORGHINI URUS FOR SALE,274995,2023,128,AMARI SUPERCARS,Lamborghini,,,,
LAMBORGHINI AVENTADOR S ROADSTER LP FOR SALE,289995,2018,4512,AMARI SUPERCARS,Lamborghini,,,,
LAMBORGHINI AVENTADOR S ROADSTER LP FOR SALE,289995,2018,1600,AMARI SUPERCARS,Lamborghini,,,,
BENTLEY CONTINENTAL GTC W SUPERSPORTS DR AUTO AUTOMATIC CONVERTIBLE AVAILABLE FROM LAMBORGHINI TUNBRIDGE WELLS,132500,2019,17418,GRANGE LAMBORGHINI TUNBRIDGE WELLS,Lamborghini,,,,
LAMBORGHINI URUS ULEZ,228995,2019,25008,SCUDERIA PRESTIGE,Lamborghini,,,,
LAMBORGHINI URUS FOR SALE,274995,2022,128,AMARI SUPERCARS,Lamborghini,,,,
LAMBORGHINI URUS FOR SALE,219995,2019,36516,AMARI SUPERCARS,Lamborghini,,,,
LAMBORGHINI AVENTADOR LP SVJ COUPE,399950,2019,3500,TOM HARTLEY,Lamborghini,,,,
LAMBORGHINI URUS FOR SALE,234995,2021,19063,AMARI SUPERCARS,Lamborghini,,,,
LAMBORGHINI URUS V BITURBO AUTO WD EURO DR,247950,2021,21802,REDLINE SPECIALIST CARS,Lamborghini,,,,
LAMBORGHINI URUS,249995,2022,6000,THE SUPERCAR ROOMS,Lamborghini,,,,
MCLAREN S SPIDER V SSG BOWERS AND WILKINS SPEAKER AUDIO SPORTS EXHAUST AUTOMATIC DOOR CONVERTIBLE AVAILABLE FROM LAMBORGHINI TUNBRIDGE WELLS,115900,2017,11078,GRANGE LAMBORGHINI TUNBRIDGE WELLS,Lamborghini,,,,
LAMBORGHINI HURACAN V LP STO LDF RWD EURO DR,309950,2022,926,REDLINE SPECIALIST CARS,Lamborghini,,,,
LAMBORGHINI URUS V BITURBO AUTO WD EURO DR,221950,2020,18825,REDLINE SPECIALIST CARS,Lamborghini,,,,
LAMBORGHINI URUS,229950,2020,6894,ROMANS INTERNATIONAL,Lamborghini,,,,
LAMBORGHINI URUS T FSI V S DR AUTO AUTOMATIC ESTATE AT LAMBORGHINI CHELMSFORD,259995,2022,1033,GRANGE LAMBORGHINI CHELMSFORD,Lamborghini,,,,
LAMBORGHINI URUS T FSI V SEAT CONFIGURATION AUTOMATIC DOOR ESTATE AT LAMBORGHINI CHELMSFORD,250000,2021,3901,GRANGE LAMBORGHINI CHELMSFORD,Lamborghini,,,,
LAMBORGHINI HURACAN PERFORMANTE SPYDER LP AUTOMATIC DOOR CONVERTIBLE AT LAMBORGHINI CHELMSFORD,214995,2019,18749,GRANGE LAMBORGHINI CHELMSFORD,Lamborghini,,,,
LAMBORGHINI HURACAN LP FOR SALE,139995,2015,26137,AMARI SUPERCARS,Lamborghini,,,,
LAMBORGHINI HURACAN SPYDER LP FOR SALE,149995,2016,22706,AMARI SUPERCARS,Lamborghini,,,,
LAMBORGHINI HURACAN V LP EVO SPYDER LDF WD EURO DR,204990,2020,12226,REDLINE SPECIALIST CARS,Lamborghini,,,,
LAMBORGHINI HURACAN LP FOR SALE,154995,2015,7953,AMARI SUPERCARS,Lamborghini,,,,
LAMBORGHINI DIABLO DR,469990,1993,275,REDLINE SPECIALIST CARS,Lamborghini,,,,
LAMBORGHINI HURACAN V LP STO LDF RWD EURO DR,349950,2022,85,REDLINE SPECIALIST CARS,Lamborghini,,,,
LAMBORGHINI HURACAN EVO LP FOR SALE,194995,2020,2841,AMARI SUPERCARS,Lamborghini,,,,
LAMBORGHINI URUS V,226950,2021,7000,TOM HARTLEY,Lamborghini,,,,
LAMBORGHINI AVENTADOR ROADSTER LP FOR SALE,209995,2015,9927,AMARI SUPERCARS,Lamborghini,,,,
LAMBORGHINI URUS FOR SALE,214995,2019,16677,AMARI SUPERCARS,Lamborghini,,,,
LAMBORGHINI HURACAN PERFORMANTE FOR SALE,229995,2018,5987,AMARI SUPERCARS,Lamborghini,,,,
LAMBORGHINI URUS FOR SALE,235995,2020,8771,AMARI SUPERCARS,Lamborghini,,,,
LAMBORGHINI HURACAN V LP LDF WD EURO DR,139950,2016,25989,REDLINE SPECIALIST CARS,Lamborghini,,,,
LAMBORGHINI HURACAN LP SPYDER ULEZ,162500,2016,12223,SCUDERIA PRESTIGE,Lamborghini,,,,
LAMBORGHINI HURACAN EVO,194950,2019,5150,SUPERVETTURA,Lamborghini,,,,
LAMBORGHINI HURACAN V LP SPYDER LDF WD EURO DR,156990,2016,15541,REDLINE SPECIALIST CARS,Lamborghini,,,,
LAMBORGHINI URUS V BITURBO AUTO WD EURO DR,222990,2021,17461,REDLINE SPECIALIST CARS,Lamborghini,,,,
LAMBORGHINI URUS FOR SALE,254995,2020,14802,AMARI SUPERCARS,Lamborghini,,,,
LAMBORGHINI AVENTADOR V LP S ISR WD EURO DR,234950,2017,14425,REDLINE SPECIALIST CARS,Lamborghini,,,,
LAMBORGHINI AVENTADOR S LP FOR SALE,254995,2017,4980,AMARI SUPERCARS,Lamborghini,,,,
LAMBORGHINI HURACAN LP PERFORMANTE SPYDER,239950,2018,7731,SCUDERIA PRESTIGE,Lamborghini,,,,
LAMBORGHINI HURACAN LP EVO SPYDER,250995,2022,651,SCUDERIA PRESTIGE,Lamborghini,,,,
MCLAREN S SPIDER V SSG MSO ABYSS BLACK PAINT CARBON INTERIOR AND AND VENTS EXTERIOR CARBON AUTOMATIC DOOR CONVERTIBLE AVAILABLE FROM LAMBORGHINI TUNBRIDGE WELLS,182900,2019,12550,GRANGE LAMBORGHINI TUNBRIDGE WELLS,Lamborghini,,,,
BENTLEY CONTINENTAL GT V MULLINER DRIVING SPECIFICATION AUTOMATIC DOOR COUP AVAILABLE FROM LAMBORGHINI TUNBRIDGE WELLS,169000,2021,4470,GRANGE LAMBORGHINI TUNBRIDGE WELLS,Lamborghini,,,,
BENTLEY CONTINENTAL GTC W MULLINER DRIVING SPECIFICATION AUTOMATIC DOOR CONVERTIBLE AVAILABLE FROM LAMBORGHINI TUNBRIDGE WELLS,159995,2020,9179,GRANGE LAMBORGHINI TUNBRIDGE WELLS,Lamborghini,,,,
MCLAREN GT V SSG PANORAMIC PRIVACY GLASS ROOF SPORTS EXHAUST AUTOMATIC DOOR COUP AVAILABLE FROM LAMBORGHINI TUNBRIDGE WELLS,159900,2022,1950,GRANGE LAMBORGHINI TUNBRIDGE WELLS,Lamborghini,,,,
MCLAREN S V DR SSG SPORTS EXHAUST CARBON FRONT AIR INTAKES CARBON INT PACKS AND AUTOMATIC COUP AVAILABLE FROM LAMBORGHINI TUNBRIDGE WELLS,145900,2018,9650,GRANGE LAMBORGHINI TUNBRIDGE WELLS,Lamborghini,,,,
BENTLEY CONTINENTAL GT W MULLINER DRIVING SPECIFICATION AUTOMATIC DOOR COUP AVAILABLE FROM LAMBORGHINI TUNBRIDGE WELLS,128950,2018,28690,GRANGE LAMBORGHINI TUNBRIDGE WELLS,Lamborghini,,,,
BENTLEY CONTINENTAL GT W MULLINER DRIVING SPECIFICATION WITH BLACK AND POLISHED EDGE ALLOY WHEELS AUTOMATIC DOOR COUP AVAILABLE FROM LAMBORGHINI TUNBRIDGE WELLS,118990,2018,39000,GRANGE LAMBORGHINI TUNBRIDGE WELLS,Lamborghini,,,,
BENTLEY BENTAYGA S BY ONYX CONCEPT,1525000,2024,30,DOURADO LUXURY CAR,Bentley,,,,
PORSCHE GT RS WEISSACH,309995,2018,6050,EUROPEAN PRESTIGE,Porsche,,,,
FERRARI DINO GTS,499950,1973,18175,JOE MACARI,Ferrari,,,,
PORSCHE GT RS WEISSACH,259995,2024,2722,EUROPEAN PRESTIGE,Porsche,,,,
PORSCHE CARRERA GT,1600000,2006,3395,EUROPEAN PRESTIGE,Porsche,,,,
PORSCHE GT,164995,2021,4338,EUROPEAN PRESTIGE,Porsche,,,,
PORSCHE GT RS,219950,2010,17500,TOM HARTLEY,Porsche,,,,
PORSCHE GT RS,229950,2023,2240,ROMANS INTERNATIONAL,Porsche,,,,
PORSCHE S T,389950,2025,724,ROMANS INTERNATIONAL,Porsche,,,,
PORSCHE GT TOURING ULEZ,164990,2022,7900,VAS VEHICLE SOLUTIONS LTD,Porsche,,,,
PORSCHE GT RS WEISSACH PACKAGE PORSCHE WARRANTY,174990,2018,12100,SIMON FURLONGER,Porsche,,,,
PORSCHE GT RS WEISSACH FOR SALE,249995,2024,2151,AMARI SUPERCARS,Porsche,,,,
PORSCHE GT TOURING,164950,2022,6000,TOM HARTLEY,Porsche,,,,
PORSCHE GT TOURING,184950,2024,2480,ROMANS INTERNATIONAL,Porsche,,,,
PORSCHE GT RS,224950,2023,3559,ROMANS INTERNATIONAL,Porsche,,,,
PORSCHE GT RS WEISSACH,254995,2024,4009,EUROPEAN PRESTIGE,Porsche,,,,
PORSCHE GT RS WEISSACH PACKAGE,289950,2018,14000,TOM HARTLEY,Porsche,,,,
PORSCHE GT RS L,525199,2011,14036,THE OCTANE COLLECTION,Porsche,,,,
PORSCHE GT TOURING,179950,2022,4363,ROMANS INTERNATIONAL,Porsche,,,,
PORSCHE GT TOURING,254950,2025,29,ROMANS INTERNATIONAL,Porsche,,,,
PORSCHE SWB PORSCHE CARRERA RINDT RSR EVOCATION FOR SALE,249995,1968,138,AMARI SUPERCARS,Porsche,,,,
PORSCHE SPYDER WEISSACH,1750000,2015,24,EUROPEAN PRESTIGE,Porsche,,,,
PORSCHE CARRERA GT,1490000,2004,4512,EUROPEAN PRESTIGE,Porsche,,,,
PORSCHE GT ULEZ,119990,2017,28900,VAS VEHICLE SOLUTIONS LTD,Porsche,,,,
PORSCHE GT ULEZ,121990,2017,19800,VAS VEHICLE SOLUTIONS LTD,Porsche,,,,
PORSCHE M,229995,1982,10052,THE OCTANE COLLECTION,Porsche,,,,
PORSCHE GT,147950,2021,11438,ROMANS INTERNATIONAL,Porsche,,,,
PORSCHE GT,129950,2018,5338,ROMANS INTERNATIONAL,Porsche,,,,
PORSCHE S T,399995,2024,901,EUROPEAN PRESTIGE,Porsche,,,,
PORSCHE GT TOURING,179950,2022,7450,ROMANS INTERNATIONAL,Porsche,,,,
PORSCHE RSR IROC,525199,1973,22900,THE OCTANE COLLECTION,Porsche,,,,
PORSCHE GT RS,277950,2023,636,ROMANS INTERNATIONAL,Porsche,,,,
PORSCHE GT,176950,2024,5861,ROMANS INTERNATIONAL,Porsche,,,,
PORSCHE GT TOURING,172950,2022,4153,ROMANS INTERNATIONAL,Porsche,,,,
PORSCHE TURBO,525199,2017,88500,TOM HARTLEY,Porsche,,,,
PORSCHE GT TOURING,172950,2022,5244,ROMANS INTERNATIONAL,Porsche,,,,
PORSCHE GT CLUBSPORT PDK,124950,2017,18430,TOP 555,Porsche,,,,
PORSCHE GT,99950,2003,40160,TOP 555,Porsche,,,,
FERRARI SUPERFAST,1350000,2021,2948,DOURADO LUXURY CAR,Ferrari,,,,
PORSCHE GT TOURING MANUAL FOR SALE,179995,2018,1095,AMARI SUPERCARS,Porsche,,,,
ROLLS ROYCE CULLINAN SERIES II,1950000,2025,53,DOURADO LUXURY CAR,Rolls Royce,,,,
PORSCHE GT RS,289950,2025,98,ROMANS INTERNATIONAL,Porsche,,,,
PORSCHE GT,149990,2008,24000,VAS VEHICLE SOLUTIONS LTD,Porsche,,,,
PORSCHE B T SUPER,199950,1960,28500,TOM HARTLEY,Porsche,,,,
PORSCHE SPEEDSTER ULEZ,262990,2019,1500,VAS VEHICLE SOLUTIONS LTD,Porsche,,,,
PORSCHE S T,525199,2024,306,ROMANS INTERNATIONAL,Porsche,,,,
PORSCHE GT RS,169990,2004,33000,VAS VEHICLE SOLUTIONS LTD,Porsche,,,,
PORSCHE GT RS,209995,2010,18508,EUROPEAN PRESTIGE,Porsche,,,,
PORSCHE GT RS,304950,2018,7500,SUPERVETTURA,Porsche,,,,
PORSCHE TARGA,249995,1983,540,THE OCTANE COLLECTION,Porsche,,,,
PORSCHE GT,525199,1995,74900,TOP 555,Porsche,,,,
PORSCHE SPORT CLASSIC,295000,2023,695,ROMANS INTERNATIONAL,Porsche,,,,
PORSCHE GT RS,224995,2010,15991,THE OCTANE COLLECTION,Porsche,,,,
PORSCHE GT RS WEISSACH PACKAGE,289990,2024,270,SIMON FURLONGER,Porsche,,,,
FERRARI DINO GT,449990,1972,52000,SIMON FURLONGER,Ferrari,,,,
PORSCHE CARRERA GT UK SUPPLIED,1499990,2005,7460,SIMON FURLONGER,Porsche,,,,
BUGATTI EB SUPERSPORT PROTOTYPE,525199,1993,7850,SIMON FURLONGER,Bugatti,,,,
PORSCHE S T,419950,2025,40,ROMANS INTERNATIONAL,Porsche,,,,
PORSCHE CARRERA GT,1399995,2004,18502,THE OCTANE COLLECTION,Porsche,,,,
PORSCHE TURBO CABRIOLET,119950,1988,109700,TOP 555,Porsche,,,,
PORSCHE GT CLUBSPORT PDK,147950,2017,798,TOP 555,Porsche,,,,
PORSCHE SPEEDSTER MANUAL CAR NUMBER OF EVER PRODUCED,264950,2019,1950,TOP 555,Porsche,,,,
PORSCHE GT,114950,2017,13373,ROMANS INTERNATIONAL,Porsche,,,,
PORSCHE GT,154950,2022,3851,ROMANS INTERNATIONAL,Porsche,,,,
PORSCHE GT,149995,2022,8141,EUROPEAN PRESTIGE,Porsche,,,,
ROLLS ROYCE CULLINAN BY ONYX CONCEPT,525199,2019,671,DOURADO LUXURY CAR,Rolls Royce,,,,
FERRARI DINO GT LHD,394950,1972,40650,JOE MACARI,Ferrari,,,,
PORSCHE GT TOURING,164950,2022,1465,ROMANS INTERNATIONAL,Porsche,,,,
PORSCHE GT RS,264950,2023,5544,ROMANS INTERNATIONAL,Porsche,,,,
PORSCHE RSR TRIBUTE,199995,1978,6982,THE OCTANE COLLECTION,Porsche,,,,
PORSCHE GT RS,189995,2019,6750,THE OCTANE COLLECTION,Porsche,,,,
PORSCHE GT CS,124995,2017,11335,THE OCTANE COLLECTION,Porsche,,,,
PORSCHE GT RS FOR SALE,285995,2023,771,AMARI SUPERCARS,Porsche,,,,
PORSCHE GT RS L,449995,2011,4630,THE OCTANE COLLECTION,Porsche,,,,
FERRARI DINO GT,394950,1972,40650,JOE MACARI,Ferrari,,,,
PORSCHE R BY EB MOTORSPORT,224950,1967,4200,JOE MACARI,Porsche,,,,
PORSCHE GT RS,144995,2016,4235,EUROPEAN PRESTIGE,Porsche,,,,
LAMBORGHINI URUS S,1350000,2024,34,DOURADO LUXURY CAR,Lamborghini,,,,
PORSCHE GT,87995,2014,25163,EUROPEAN PRESTIGE,Porsche,,,,
PORSCHE GT RS WEISSACH FOR SALE,324995,2018,2868,AMARI SUPERCARS,Porsche,,,,
PORSCHE S FOR SALE,525199,1962,75831,AMARI SUPERCARS,Porsche,,,,
PORSCHE RINDT DESIGN LITRE CARRERA CLASSIC COUPE,199950,1974,1000,SLADES GARAGE,Porsche,,,,
PORSCHE TARGA REIMAGINED BY SINGER,995000,1990,5330,TOM HARTLEY JNR,Porsche,,,,
PORSCHE CARRERA GT,525199,2006,4794,TOM HARTLEY JNR,Porsche,,,,
PORSCHE PRE A SUPER SPEEDSTER,525199,1955,0,TOM HARTLEY JNR,Porsche,,,,
ROLLS ROYCE CULLINAN SERIES II,2070000,2025,37,DOURADO LUXURY CAR,Rolls Royce,,,,
BENTLEY BENTAYGA S ONYX CONCEPT OF,1575000,2024,66,DOURADO LUXURY CAR,Bentley,,,,
FERRARI SF SPIDER ASSETTO FIORANO PACKAGE,2308000,2022,1837,DOURADO LUXURY CAR,Ferrari,,,,
G PORSCHE M S BY NINEMEISTER,269950,1989,1600,TOM HARTLEY,Porsche,,,,
ROLLS ROYCE CULLINAN ONYX CONCEPT,2450000,2024,40,DOURADO LUXURY CAR,Rolls Royce,,,,
ROLLS ROYCE CULLINAN ONYX CONCEPT,2350000,2024,50,DOURADO LUXURY CAR,Rolls Royce,,,,
ROLLS ROYCE CULLINAN ONYX CONCEPT,2475000,2024,38,DOURADO LUXURY CAR,Rolls Royce,,,,
ROLLS ROYCE CULLINAN BLACK BADGE ONYX CONCEPT,2450000,2023,35,DOURADO LUXURY CAR,Rolls Royce,,,,
ROLLS ROYCE CULLINAN ONYX CONCEPT,2350000,2024,34,DOURADO LUXURY CAR,Rolls Royce,,,,
ROLLS ROYCE DAWN ONYX CONCEPT OF,2700000,2020,3250,DOURADO LUXURY CAR,Rolls Royce,,,,
ROLLS ROYCE DAWN ONYX CONCEPT,2250000,2020,8686,DOURADO LUXURY CAR,Rolls Royce,,,,
ROLLS ROYCE DAWN ONYX CONCEPT,2750000,2022,726,DOURADO LUXURY CAR,Rolls Royce,,,,
ROLLS ROYCE WRAITH ONYX CONCEPT,3000000,2023,111,DOURADO LUXURY CAR,Rolls Royce,,,,
ROLLS ROYCE WRAITH BLACK BADGE ONYX CONCEPT,2150000,2020,9887,DOURADO LUXURY CAR,Rolls Royce,,,,
ROLLS ROYCE WRAITH ONYX CONCEPT,2150000,2020,7535,DOURADO LUXURY CAR,Rolls Royce,,,,
ROLLS ROYCE WRAITH ONYX CONCEPT OF,2150000,2020,5833,DOURADO LUXURY CAR,Rolls Royce,,,,
ROLLS ROYCE CULLINAN BLACK BADGE NOVITEC SPOFEC KIT,2050000,2022,118,DOURADO LUXURY CAR,Rolls Royce,,,,
ROLLS ROYCE CULLINAN BLACK BADGE NOVITEC SPOFEC KIT,2050000,2022,35,DOURADO LUXURY CAR,Rolls Royce,,,,
ROLLS ROYCE PHANTOM EXTENDED,950000,2014,10965,DOURADO LUXURY CAR,Rolls Royce,,,,
ROLLS ROYCE GHOST,860000,2020,4432,DOURADO LUXURY CAR,Rolls Royce,,,,
MERCEDES BENZ AMG GT R PRO,740000,2019,4698,DOURADO LUXURY CAR,Mercedes Benz,,,,
MERCEDES BENZ AMG GT BLACK SERIES LIMITED EDITION,1950000,2022,16,DOURADO LUXURY CAR,Mercedes Benz,,,,
PORSCHE TURBO S CABRIOLET,1100000,2023,65,DOURADO LUXURY CAR,Porsche,,,,
PORSCHE TURBO S CABRIOLET,1100000,31,19,DOURADO LUXURY CAR,Porsche,,,,
PORSCHE CAYENNE TURBO GT COUPE,750000,2023,6,DOURADO LUXURY CAR,Porsche,,,,
PORSCHE CAYENNE TURBO GT COUPE,730000,2023,21,DOURADO LUXURY CAR,Porsche,,,,
PORSCHE GT RS WEISSACH PACKAGE,2065000,2019,66,DOURADO LUXURY CAR,Porsche,,,,
PORSCHE GT RS WEISSACH RS PACKAGE,835000,2019,8641,DOURADO LUXURY CAR,Porsche,,,,
FERRARI GTS,2000000,2022,390,DOURADO LUXURY CAR,Ferrari,,,,
LAMBORGHINI URUS CAPSULE NOVITEC EDITION,1380000,2021,45,DOURADO LUXURY CAR,Lamborghini,,,,
LAMBORGHINI URUS NOVITEC EDITION,1350000,2023,2495,DOURADO LUXURY CAR,Lamborghini,,,,
FERRARI SUPERFAST XX BY ONYX CONCEPT OF,2100000,2022,396,DOURADO LUXURY CAR,Ferrari,,,,
FERRARI GTS XX BY ONYX CONCEPT,2550000,2023,63,DOURADO LUXURY CAR,Ferrari,,,,
FERRARI GTB,1050000,2023,4216,DOURADO LUXURY CAR,Ferrari,,,,
FERRARI GTS,2150000,2022,518,DOURADO LUXURY CAR,Ferrari,,,,
FERRARI GTS,2000000,2022,305,DOURADO LUXURY CAR,Ferrari,,,,
FERRARI GTS,1900000,2022,2059,DOURADO LUXURY CAR,Ferrari,,,,
FERRARI ROMA,1015000,2023,43,DOURADO LUXURY CAR,Ferrari,,,,
FERRARI ROMA,1015000,2022,27,DOURADO LUXURY CAR,Ferrari,,,,
FERRARI PISTA PILOTI OF LIMITED EDITION,3100000,2020,685,DOURADO LUXURY CAR,Ferrari,,,,
FERRARI PISTA SPIDER,2050000,2020,8026,DOURADO LUXURY CAR,Ferrari,,,,
BENTLEY CONTINENTAL GTX III ATHEA BY ONYX CONCEPT OF,1950000,2023,86,DOURADO LUXURY CAR,Bentley,,,,
BENTLEY CONTINENTAL GTX II ONYX CONCEPT,1730000,2024,41,DOURADO LUXURY CAR,Bentley,,,,
BENTLEY CONTINENTAL GTX II ONYX CONCEPT,1650000,2024,32,DOURADO LUXURY CAR,Bentley,,,,
BENTLEY BENTAYGA,1200000,2023,24,DOURADO LUXURY CAR,Bentley,,,,
BENTLEY FLYING SPUR EXPORT PRICE AED,1250000,2023,21,DOURADO LUXURY CAR,Bentley,,,,
BENTLEY CONTINENTAL GTC SPEED,1565000,2023,35,DOURADO LUXURY CAR,Bentley,,,,
BENTLEY CONTINENTAL GTC,1200000,2023,31,DOURADO LUXURY CAR,Bentley,,,,
PORSCHE GT RS,164950,2018,12000,TOM HARTLEY,Porsche,,,,
PORSCHE GT FOR SALE,157995,2022,10478,AMARI SUPERCARS,Porsche,,,,
PORSCHE GT TOURING,174950,2022,3700,TOM HARTLEY,Porsche,,,,
PORSCHE GT CLUBSPORT,124950,2017,9800,TOM HARTLEY,Porsche,,,,
PORSCHE GT ULEZ,179990,2023,600,VAS VEHICLE SOLUTIONS LTD,Porsche,,,,
PORSCHE GT RS FOR SALE,334995,2023,467,AMARI SUPERCARS,Porsche,,,,
PORSCHE GT LHD,1399950,1997,29200,JOE MACARI,Porsche,,,,
PORSCHE C KREMER,1174950,1988,0,JOE MACARI,Porsche,,,,
PORSCHE GT RS CLUBSPORT WEISSACH,334950,2024,1600,TOM HARTLEY,Porsche,,,,
PORSCHE T DAKAR ULEZ,198990,2023,800,VAS VEHICLE SOLUTIONS LTD,Porsche,,,,
PORSCHE GT RS PDK,141990,2015,17500,VAS VEHICLE SOLUTIONS LTD,Porsche,,,,
PORSCHE GT ULEZ,142890,2017,4700,VAS VEHICLE SOLUTIONS LTD,Porsche,,,,
PORSCHE GT RS ULEZ,214990,2019,5300,VAS VEHICLE SOLUTIONS LTD,Porsche,,,,
PORSCHE SPEEDSTER ULEZ,525199,2019,1500,VAS VEHICLE SOLUTIONS LTD,Porsche,,,,
PORSCHE GT TOURING,194950,2022,1959,ROMANS INTERNATIONAL,Porsche,,,,
PORSCHE DAKAR,525199,2023,17,ROMANS INTERNATIONAL,Porsche,,,,
PORSCHE R,399950,2016,6472,ROMANS INTERNATIONAL,Porsche,,,,
PORSCHE SPYDER,525199,2015,9167,ROMANS INTERNATIONAL,Porsche,,,,
PORSCHE GT RS LHD,134900,2016,11130,GVE LONDON,Porsche,,,,
PORSCHE GT RS WEISSACH,229950,2019,4974,ROMANS INTERNATIONAL,Porsche,,,,
PORSCHE GT CLUBSPORT,194950,2021,5000,TOM HARTLEY,Porsche,,,,
PORSCHE GT,159950,2008,16000,TOM HARTLEY,Porsche,,,,
PORSCHE GT TOURING PAINT TO SAMPLE,224950,2021,3000,TOM HARTLEY,Porsche,,,,
H PORSCHE M RS BY NINEMEISTER,199950,1991,110000,TOM HARTLEY,Porsche,,,,
PORSCHE TURBO,149950,1977,88500,TOM HARTLEY,Porsche,,,,
PORSCHE GT TOURING,525199,2022,29,ROMANS INTERNATIONAL,Porsche,,,,
PORSCHE GT RS MR,174995,2010,37795,THE OCTANE COLLECTION,Porsche,,,,
PORSCHE CARRERA GT,525199,2004,10834,THE OCTANE COLLECTION,Porsche,,,,
PORSCHE GT CLUBSPORT,142995,2017,14750,THE OCTANE COLLECTION,Porsche,,,,
PORSCHE CARRERA MFI,229995,1974,108832,THE OCTANE COLLECTION,Porsche,,,,
PORSCHE GT RS,169995,2010,28452,THE OCTANE COLLECTION,Porsche,,,,
PORSCHE GT CLUBSPORT,119995,2001,53540,THE OCTANE COLLECTION,Porsche,,,,
PORSCHE CARRERA RS,239995,1992,72310,THE OCTANE COLLECTION,Porsche,,,,
PORSCHE GT RS,234995,2018,2912,THE OCTANE COLLECTION,Porsche,,,,
PORSCHE CARRERA CUP,204995,1990,2379,THE OCTANE COLLECTION,Porsche,,,,
PORSCHE RSR,299995,1974,49572,THE OCTANE COLLECTION,Porsche,,,,
PORSCHE GT RS,164995,2004,27250,THE OCTANE COLLECTION,Porsche,,,,
PORSCHE TARGA,149995,1984,113342,THE SUPERCAR ROOMS,Porsche,,,,
PORSCHE,139995,1981,127913,THE SUPERCAR ROOMS,Porsche,,,,
PORSCHE CARRERA TH EDITION,176950,1990,107853,SCUDERIA PRESTIGE,Porsche,,,,
MERCEDES BENZ MCLAREN SLR FOR SALE,244995,2006,17081,AMARI SUPERCARS,Mercedes Benz,,,,
PORSCHE SPEEDSTER,334950,2019,79,ROMANS INTERNATIONAL,Porsche,,,,
PORSCHE GT RS WEISSACH PACKAGE,219950,2019,5000,TOM HARTLEY,Porsche,,,,
PORSCHE SPEEDSTER,264950,2011,9000,TOM HARTLEY,Porsche,,,,
PORSCHE GT RS WEISSACH,339950,2018,6800,TOM HARTLEY,Porsche,,,,
PORSCHE GT RS WEISSACH,349950,2018,5500,TOM HARTLEY,Porsche,,,,
PORSCHE GT RS WEISSACH LHD,349950,2018,500,TOM HARTLEY,Porsche,,,,
ASTON MARTIN VALKYRIE,525199,2024,50,JOE MACARI,Aston Martin,,,,
ASTON MARTIN DB GT BOND EDITION,525199,2015,2124,EUROPEAN PRESTIGE,Aston Martin,,,,
ASTON MARTIN DBX,127950,2022,20500,ROMANS INTERNATIONAL,Aston Martin,,,,
ASTON MARTIN VANQUISH S,525199,2005,19900,TOM HARTLEY,Aston Martin,,,,
ASTON MARTIN V VANTAGE ROADSTER,214950,2024,980,ROMANS INTERNATIONAL,Aston Martin,,,,
ASTON MARTIN VANTAGE GT,129950,2016,4323,ROMANS INTERNATIONAL,Aston Martin,,,,
ASTON MARTIN DBS V BITURBO SUPERLEGGERA ULEZ,129990,2020,9000,VAS VEHICLE SOLUTIONS LTD,Aston Martin,,,,
ASTON MARTIN DBS SUPERLEGGERA,119950,2018,17000,TOM HARTLEY,Aston Martin,,,,
ASTON MARTIN VANTAGE GT,284950,2016,7521,ROMANS INTERNATIONAL,Aston Martin,,,,
ASTON MARTIN DBS SUPERLEGGERA,124995,2020,19342,EUROPEAN PRESTIGE,Aston Martin,,,,
ASTON MARTIN VANQUISH V,349950,2024,2934,ROMANS INTERNATIONAL,Aston Martin,,,,
ASTON MARTIN VANQUISH ZAGATO,279950,2017,2234,ROMANS INTERNATIONAL,Aston Martin,,,,
ASTON MARTIN VANQUISH V,369950,2025,100,TOM HARTLEY,Aston Martin,,,,
ASTON MARTIN DBX V,525199,2025,1759,SCUDERIA PRESTIGE,Aston Martin,,,,
ASTON MARTIN DBS V BITURBO SUPERLEGGERA,129950,2019,16532,SCUDERIA PRESTIGE,Aston Martin,,,,
ASTON MARTIN DB V,68950,2016,30323,SCUDERIA PRESTIGE,Aston Martin,,,,
ASTON MARTIN VANQUISH ZAGATO,525199,2017,479,ROMANS INTERNATIONAL,Aston Martin,,,,
ASTON MARTIN DBX V ULEZ,114990,2023,19000,VAS VEHICLE SOLUTIONS LTD,Aston Martin,,,,
ASTON MARTIN DB V VOLANTE MODEL BHP,106050,2021,2960,TOP 555,Aston Martin,,,,
ASTON MARTIN V VOLANTE OSCAR INDIA EX ROGER TAYLOR,149950,1979,103000,TOM HARTLEY,Aston Martin,,,,
ASTON MARTIN DBS SUPERLEGGERA,139950,2020,5335,ROMANS INTERNATIONAL,Aston Martin,,,,
ASTON MARTIN VANTAGE V ULEZ,69990,2019,35000,VAS VEHICLE SOLUTIONS LTD,Aston Martin,,,,
ASTON MARTIN VANQUISH V ZAGATO VOLANTE CAR NO OF PRODUCED WORLDWIDE,299950,2017,135,TOP 555,Aston Martin,,,,
ASTON MARTIN DB V FOR SALE,99995,2022,10582,AMARI SUPERCARS,Aston Martin,,,,
ASTON MARTIN DBS V,525199,2010,20651,ROMANS INTERNATIONAL,Aston Martin,,,,
ASTON MARTIN VANTAGE V CAR NO OF ONLY CARS WORLDWIDE,167950,2022,7120,TOP 555,Aston Martin,,,,
ASTON MARTIN VALKYRIE,525199,2023,107,ROMANS INTERNATIONAL,Aston Martin,,,,
ASTON MARTIN V SPEEDSTER,525199,2021,612,THE OCTANE COLLECTION,Aston Martin,,,,
ASTON MARTIN VANTAGE V ULEZ,79990,2012,15700,VAS VEHICLE SOLUTIONS LTD,Aston Martin,,,,
LAMBORGHINI GALLARDO SUPERLEGGERA ULEZ,114990,2008,31000,VAS VEHICLE SOLUTIONS LTD,Lamborghini,,,,
ASTON MARTIN VANTAGE V ULEZ,59990,2012,47000,VAS VEHICLE SOLUTIONS LTD,Aston Martin,,,,
ASTON MARTIN VANQUISH S,94990,2004,26000,VAS VEHICLE SOLUTIONS LTD,Aston Martin,,,,
ASTON MARTIN VANQUISH V ZAGATO,324990,2018,69,VAS VEHICLE SOLUTIONS LTD,Aston Martin,,,,
ASTON MARTIN VANTAGE V ROADSTER OF,599950,2019,2500,TOM HARTLEY,Aston Martin,,,,
F ASTON MARTIN V VOLANTE EFI,224950,1988,25000,TOM HARTLEY,Aston Martin,,,,
ASTON MARTIN VANTAGE,179995,2025,1818,EUROPEAN PRESTIGE,Aston Martin,,,,
ASTON MARTIN VANTAGE S V,89950,2016,4394,ROMANS INTERNATIONAL,Aston Martin,,,,
ASTON MARTIN DB V,96950,2022,7929,ROMANS INTERNATIONAL,Aston Martin,,,,
ASTON MARTIN VANTAGE V,209950,1994,13500,SUPERVETTURA,Aston Martin,,,,
ASTON MARTIN V COUPE,600000,2018,1275,SUPERVETTURA,Aston Martin,,,,
ASTON MARTIN VANQUISH V,389950,2025,100,TOM HARTLEY,Aston Martin,,,,
N ASTON MARTIN V VANTAGE V,174950,1996,17000,TOM HARTLEY,Aston Martin,,,,
ASTON MARTIN DB VOLANTE CARBON EDITION,64950,2015,30000,TOM HARTLEY,Aston Martin,,,,
ASTON MARTIN DBS V ULTIMATE,299000,2023,155,SCUDERIA PRESTIGE,Aston Martin,,,,
ASTON MARTIN DB V BITURBO AMR,91995,2020,10400,SCUDERIA PRESTIGE,Aston Martin,,,,
ASTON MARTIN VANTAGE V F EDITION,119995,2022,3775,SCUDERIA PRESTIGE,Aston Martin,,,,
ASTON MARTIN DBX V,214995,2025,1759,SCUDERIA PRESTIGE,Aston Martin,,,,
ASTON MARTIN DB V,525199,2024,2238,ROMANS INTERNATIONAL,Aston Martin,,,,
ASTON MARTIN VANQUISH S COUPE,67950,2004,26700,TOP 555,Aston Martin,,,,
ASTON MARTIN RAPIDE S AMR V OF ONLY UK CARS,116950,2020,11100,TOP 555,Aston Martin,,,,
ASTON MARTIN DBX,139950,2023,10500,TOP 555,Aston Martin,,,,
ASTON MARTIN DB COUPE,169950,2024,2400,TOP 555,Aston Martin,,,,
ASTON MARTIN DBS SUPERLEGGERA V COUPE,179950,2023,430,TOP 555,Aston Martin,,,,
ASTON MARTIN V VANTAGE,525199,2024,6961,ROMANS INTERNATIONAL,Aston Martin,,,,
ASTON MARTIN DB V,169950,2024,783,ROMANS INTERNATIONAL,Aston Martin,,,,
ASTON MARTIN DB V,167950,2024,491,ROMANS INTERNATIONAL,Aston Martin,,,,
ASTON MARTIN VANQUISH V ZAGATO,325000,2017,479,ROMANS INTERNATIONAL,Aston Martin,,,,
ASTON MARTIN VANQUISH V,379950,2024,1309,ROMANS INTERNATIONAL,Aston Martin,,,,
ASTON MARTIN VANQUISH ZAGATO SPEEDSTER,495000,2018,522,ROMANS INTERNATIONAL,Aston Martin,,,,
ASTON MARTIN VALKYRIE,2699995,2023,37,THE OCTANE COLLECTION,Aston Martin,,,,
ASTON MARTIN DB V,67990,2017,25500,VAS VEHICLE SOLUTIONS LTD,Aston Martin,,,,
ASTON MARTIN DB ZAGATO,249950,2004,8600,JOE MACARI,Aston Martin,,,,
ASTON MARTIN VANTAGE V FOR SALE,39995,2008,23571,AMARI SUPERCARS,Aston Martin,,,,
ASTON MARTIN VANQUISH V CARBON EDITION BLACK COUPE DR PETROL T TRONIII EURO BHP,99950,2016,11000,SLADES GARAGE,Aston Martin,,,,
ASTON MARTIN DB L MK III RHD,169950,1958,38000,SLADES GARAGE,Aston Martin,,,,
ASTON MARTIN VALKYRIE SPIDER,525199,2024,0,TOM HARTLEY JNR,Aston Martin,,,,
ASTON MARTIN VANQUISH S,79500,2004,16281,TOM HARTLEY JNR,Aston Martin,,,,
ASTON MARTIN VANTAGE FOR SALE,173995,2024,367,AMARI SUPERCARS,Aston Martin,,,,
ASTON MARTIN V VANTAGE,64950,2018,42850,JOE MACARI,Aston Martin,,,,
ASTON MARTIN DB V ULEZ,184990,2024,2200,VAS VEHICLE SOLUTIONS LTD,Aston Martin,,,,
ASTON MARTIN VANQUISH S,89950,2007,7000,TOM HARTLEY,Aston Martin,,,,
ASTON MARTIN DBS V MANUAL,99950,2009,16000,TOM HARTLEY,Aston Martin,,,,
ASTON MARTIN VANTAGE V OF FOR SALE,199995,2022,2340,AMARI SUPERCARS,Aston Martin,,,,
ASTON MARTIN DB CONVERTIBLE,525199,1964,26950,JOE MACARI,Aston Martin,,,,
ASTON MARTIN V COUPE,89950,1973,66000,TOM HARTLEY,Aston Martin,,,,
ASTON MARTIN DB AMR V FOR SALE,84995,2019,23319,AMARI SUPERCARS,Aston Martin,,,,
ROLLS ROYCE WRAITH SHOOTING BRAKE,525199,2015,18000,JOE MACARI,Rolls Royce,,,,
ASTON MARTIN VANQUISH V,64950,2012,33000,TOM HARTLEY,Aston Martin,,,,
ASTON MARTIN DBX,109950,2022,20000,TOM HARTLEY,Aston Martin,,,,
ASTON MARTIN DBS SUPERLEGGERA,159950,2021,4500,TOM HARTLEY,Aston Martin,,,,
ASTON MARTIN VANTAGE F EDITION ROADSTER,129950,2022,4200,TOM HARTLEY,Aston Martin,,,,
ASTON MARTIN DBX,149950,2022,3500,TOM HARTLEY,Aston Martin,,,,
ASTON MARTIN VANTAGE V HERITAGE RACING EDITION FOR SALE,139995,2019,1760,AMARI SUPERCARS,Aston Martin,,,,
ASTON MARTIN DBX V FOR SALE,154895,2022,2938,AMARI SUPERCARS,Aston Martin,,,,
ASTON MARTIN VANQUISH S ULTIMATE,159950,2007,1170,JOE MACARI,Aston Martin,,,,
ASTON MARTIN VANTAGE V GT,137990,2017,5800,VAS VEHICLE SOLUTIONS LTD,Aston Martin,,,,
ASTON MARTIN VANQUISH V,66990,2012,31500,VAS VEHICLE SOLUTIONS LTD,Aston Martin,,,,
ASTON MARTIN V VANTAGE,229950,2022,2349,ROMANS INTERNATIONAL,Aston Martin,,,,
ASTON MARTIN VANQUISH ZAGATO SPEEDSTER,559950,2018,691,ROMANS INTERNATIONAL,Aston Martin,,,,
ASTON MARTIN VANQUISH V ZAGATO SHOOTING BRAKE,499950,2019,900,TOM HARTLEY,Aston Martin,,,,
ASTON MARTIN DBX V FOR SALE,119995,2020,14244,AMARI SUPERCARS,Aston Martin,,,,
ASTON MARTIN DBS SUPERLEGGERA,154950,2018,9651,ROMANS INTERNATIONAL,Aston Martin,,,,
ASTON MARTIN DBS SUPERLEGGERA,179950,2020,2362,ROMANS INTERNATIONAL,Aston Martin,,,,
ASTON MARTIN VANTAGE V ROADSTER,119950,2021,7000,TOM HARTLEY,Aston Martin,,,,
ASTON MARTIN DBX,219950,2022,800,TOM HARTLEY,Aston Martin,,,,
ASTON MARTIN VANQUISH V CARBON EDITION VOLANTE T TRONIII EURO DR,89950,2014,27646,REDLINE SPECIALIST CARS,Aston Martin,,,,
ASTON MARTIN V VANTAGE AMR,84995,2018,15100,THE OCTANE COLLECTION,Aston Martin,,,,
ASTON MARTIN VANQUISH V S ZAGATO SHOOTING BRAKE T TRONIII EURO DR,499950,2019,93,REDLINE SPECIALIST CARS,Aston Martin,,,,
ASTON MARTIN DB,36995,2007,46701,THE SUPERCAR ROOMS,Aston Martin,,,,
ASTON MARTIN DBS SUPERLEGGERA FOR SALE,164995,2019,11700,AMARI SUPERCARS,Aston Martin,,,,
ASTON MARTIN DB AMR V FOR SALE,109995,2019,3995,AMARI SUPERCARS,Aston Martin,,,,
ASTON MARTIN DBS ULTIMATE FOR SALE,134995,2012,13907,AMARI SUPERCARS,Aston Martin,,,,
ASTON MARTIN DBS SUPERLEGGERA FOR SALE,174995,2020,4569,AMARI SUPERCARS,Aston Martin,,,,
ASTON MARTIN V VANQUISH ZAGATO COUPE,424950,2018,70,SUPERVETTURA,Aston Martin,,,,
ASTON MARTIN DB MK SALOON U,319950,1967,87063,SCUDERIA PRESTIGE,Aston Martin,,,,
ASTON MARTIN VENGEANCE VOLANTE FOR SALE,324995,2012,85,AMARI SUPERCARS,Aston Martin,,,,
ASTON MARTIN DBS SUPERLEGGERA VOLANTE V,239950,2022,500,TOP 555,Aston Martin,,,,
ASTON MARTIN DB VANTAGE VOLANTE,39950,2002,30000,TOM HARTLEY,Aston Martin,,,,
ASTON MARTIN VANTAGE V EURO DR,104990,2021,2717,REDLINE SPECIALIST CARS,Aston Martin,,,,
ASTON MARTIN DB V AUTO EURO DR,82950,2016,19594,REDLINE SPECIALIST CARS,Aston Martin,,,,
ASTON MARTIN VANTAGE V F EDITION AUTO EURO DR,157950,2022,87,REDLINE SPECIALIST CARS,Aston Martin,,,,
ASTON MARTIN VANTAGE V AUTO EURO DR,89950,2019,12664,REDLINE SPECIALIST CARS,Aston Martin,,,,
ASTON MARTIN DB V VOLANTE T TRONICII EURO DR,71950,2015,12757,REDLINE SPECIALIST CARS,Aston Martin,,,,
ASTON MARTIN VANQUISH V S VOLANTE T TRONIII EURO DR,157990,2018,3049,REDLINE SPECIALIST CARS,Aston Martin,,,,
ASTON MARTIN DBS V BITURBO SUPERLEGGERA AUTO EURO DR,169950,2019,812,REDLINE SPECIALIST CARS,Aston Martin,,,,
ASTON MARTIN VANTAGE V AUTO EURO DR,92950,2019,8689,REDLINE SPECIALIST CARS,Aston Martin,,,,
ASTON MARTIN VANQUISH V CARBON EDITION VOLANTE T TRONIII EURO DR,89950,2014,27646,REDLINE SPECIALIST CARS,Aston Martin,,,,
ASTON MARTIN DB V VOLANTE AUTO EURO DR,122950,2021,3467,REDLINE SPECIALIST CARS,Aston Martin,,,,
MERCEDES BENZ SLS AMG BLACK SERIES,525199,2015,2392,ROMANS INTERNATIONAL,Mercedes Benz,,,,
MERCEDES BENZ AMG ONE,2800000,2024,34,EUROPEAN PRESTIGE,Mercedes Benz,,,,
MERCEDES BENZ SLR MCLAREN,299995,2005,19743,EUROPEAN PRESTIGE,Mercedes Benz,,,,
MERCEDES BENZ SLS AMG,194950,2012,17175,JOE MACARI,Mercedes Benz,,,,
MERCEDES BENZ SLS AMG,159950,2014,20324,ROMANS INTERNATIONAL,Mercedes Benz,,,,
MERCEDES BENZ AMG GT BLACK SERIES,349950,2021,3358,ROMANS INTERNATIONAL,Mercedes Benz,,,,
MERCEDES BENZ AMG GT C EDITION ROADSTER,89950,2018,5379,ROMANS INTERNATIONAL,Mercedes Benz,,,,
MERCEDES BENZ C AMG BLACK SERIES,119950,2012,24622,ROMANS INTERNATIONAL,Mercedes Benz,,,,
MERCEDES BENZ SLS AMG ROADSTER,119950,2012,19000,TOM HARTLEY,Mercedes Benz,,,,
MERCEDES BENZ MCLAREN SLR COUPE,264990,2004,27800,VAS VEHICLE SOLUTIONS LTD,Mercedes Benz,,,,
MERCEDES BENZ AMG GT V BITURBO C ULEZ,68990,2018,22900,VAS VEHICLE SOLUTIONS LTD,Mercedes Benz,,,,
MERCEDES BENZ AMG GT C ROADSTER,82950,2018,9610,ROMANS INTERNATIONAL,Mercedes Benz,,,,
MERCEDES SLS AMG COUPE,189950,2013,30300,SUPERVETTURA,Mercedes,,,,
MERCEDES BENZ SLS AMG GT,525199,2011,0,TOM HARTLEY,Mercedes Benz,,,,
MERCEDES BENZ AMG ONE OF CARS WORLDWIDE,3000000,2025,95,TOP 555,Mercedes Benz,,,,
MERCEDES BENZ SLS AMG BLACK SERIES,525199,2013,5700,SIMON FURLONGER,Mercedes Benz,,,,
MERCEDES BENZ AMG GT C EDITION,89950,2017,6437,ROMANS INTERNATIONAL,Mercedes Benz,,,,
MERCEDES BENZ AMG GT V BITURBO ULEZ,48990,2016,25000,VAS VEHICLE SOLUTIONS LTD,Mercedes Benz,,,,
MERCEDES BENZ SLS AMG GT FINAL EDITION,449950,2014,249,ROMANS INTERNATIONAL,Mercedes Benz,,,,
MERCEDES BENZ AMG GT V BITURBO R ULEZ,109990,2018,10000,VAS VEHICLE SOLUTIONS LTD,Mercedes Benz,,,,
MERCEDES BENZ AMG GT R PRO,149950,2020,13000,TOM HARTLEY,Mercedes Benz,,,,
MERCEDES BENZ AMG GT TRACK SERIES,349950,2022,0,JOE MACARI,Mercedes Benz,,,,
MERCEDES AMG ONE,525199,2023,0,TOM HARTLEY JNR,Mercedes,,,,
MERCEDES BENZ SLS AMG,525199,2010,7500,TOM HARTLEY,Mercedes Benz,,,,
MERCEDES BENZ SLS AMG,174950,2010,33000,TOM HARTLEY,Mercedes Benz,,,,
MERCEDES BENZ AMG GT R PRO,740000,2019,4698,DOURADO LUXURY CAR,Mercedes Benz,,,,
MERCEDES BENZ AMG GT BLACK SERIES LIMITED EDITION,1950000,2022,16,DOURADO LUXURY CAR,Mercedes Benz,,,,
MERCEDES BENZ AMG GT R PRO,149950,2019,5000,TOM HARTLEY,Mercedes Benz,,,,
MERCEDES BENZ AMG GT BLACK SERIES FOR SALE,379995,2022,500,AMARI SUPERCARS,Mercedes Benz,,,,
MERCEDES BENZ SLS AMG,174950,2011,27975,JOE MACARI,Mercedes Benz,,,,
MERCEDES BENZ AMG GT BLACK SERIES FOR SALE,379995,2022,95,AMARI SUPERCARS,Mercedes Benz,,,,
MERCEDES BENZ C AMG BLACK SERIES,139950,2012,6500,TOM HARTLEY,Mercedes Benz,,,,
MERCEDES BENZ SLS AMG ROADSTER,129950,2011,8800,TOM HARTLEY,Mercedes Benz,,,,
MERCEDES BENZ SLS AMG GULLWING,189950,2012,12500,TOM HARTLEY,Mercedes Benz,,,,
MERCEDES BENZ SLR MCLAREN ROADSTER,424950,2011,16200,JOE MACARI,Mercedes Benz,,,,
MERCEDES BENZ CLK LM LHD,525199,1998,0,JOE MACARI,Mercedes Benz,,,,
MERCEDES BENZ AMG GT R ROADSTER,129950,2019,4000,TOM HARTLEY,Mercedes Benz,,,,
MERCEDES BENZ SLS AMG,209950,2012,15891,ROMANS INTERNATIONAL,Mercedes Benz,,,,
ASTON MARTIN DBS SUPERLEGGERA,154950,2018,9651,ROMANS INTERNATIONAL,Aston Martin,,,,
MERCEDES SLS AMG,187950,2011,15413,ROMANS INTERNATIONAL,Mercedes,,,,
ASTON MARTIN DBS SUPERLEGGERA,179950,2020,2362,ROMANS INTERNATIONAL,Aston Martin,,,,
MERCEDES BENZ SLS AMG BLACK SERIES,774950,2016,5000,TOM HARTLEY,Mercedes Benz,,,,
MERCEDES AMG GTR PRO,149995,2020,7275,THE OCTANE COLLECTION,Mercedes,,,,
MERCEDES BENZ AMG GT R PREMIUM FOR SALE,119995,2017,7552,AMARI SUPERCARS,Mercedes Benz,,,,
MERCEDES BENZ SLS AMG ROADSTER FOR SALE,119995,2011,17573,AMARI SUPERCARS,Mercedes Benz,,,,
MERCEDES BENZ MCLAREN SLR FOR SALE,244995,2006,17081,AMARI SUPERCARS,Mercedes Benz,,,,
MERCEDES AMG GT R PRO,149950,2020,9998,ROMANS INTERNATIONAL,Mercedes,,,,
MERCEDES BENZ AMG GT BLACK SERIES,384950,2022,800,TOM HARTLEY,Mercedes Benz,,,,
MERCEDES BENZ SLS AMG GT FINAL EDITION,434950,2014,430,TOM HARTLEY,Mercedes Benz,,,,
MERCEDES BENZ AMG ONE,2800000,2024,34,EUROPEAN PRESTIGE,Mercedes Benz,,,,
MCLAREN LT COUPE,209950,2015,9500,TOM HARTLEY,McLaren,,,,
MCLAREN LT,319995,2020,7786,EUROPEAN PRESTIGE,McLaren,,,,
MCLAREN ARTURA,139950,2024,6172,ROMANS INTERNATIONAL,McLaren,,,,
LAMBORGHINI DIABLO WD U K SUPPLIED,525199,1992,24550,SIMON FURLONGER,Lamborghini,,,,
MCLAREN S LE MANS EDITION OF PRODUCED,239990,0,14500,SIMON FURLONGER,McLaren,,,,
MERCEDES BENZ SLR MCLAREN,299995,2005,19743,EUROPEAN PRESTIGE,Mercedes Benz,,,,
MCLAREN LT SPIDER,369950,2022,3679,ROMANS INTERNATIONAL,McLaren,,,,
MCLAREN LT,324995,2021,3871,EUROPEAN PRESTIGE,McLaren,,,,
MCLAREN LT SPIDER,344950,2022,6686,ROMANS INTERNATIONAL,McLaren,,,,
MCLAREN S T V ULEZ,119990,2017,17000,VAS VEHICLE SOLUTIONS LTD,McLaren,,,,
MCLAREN LT SPIDER,129995,2020,30867,EUROPEAN PRESTIGE,McLaren,,,,
FERRARI GTB LHD,525199,1967,60550,JOE MACARI,Ferrari,,,,
MCLAREN LT SPIDER,149950,2019,13750,TOP 555,McLaren,,,,
MCLAREN S SPIDER PERFORMANCE V FOR SALE,169995,2022,8853,AMARI SUPERCARS,McLaren,,,,
MCLAREN LT,184950,2015,2339,ROMANS INTERNATIONAL,McLaren,,,,
MCLAREN LT SPIDER,149950,2022,6684,ROMANS INTERNATIONAL,McLaren,,,,
MCLAREN S,126950,2019,19500,TOP 555,McLaren,,,,
MERCEDES BENZ MCLAREN SLR COUPE,264990,2004,27800,VAS VEHICLE SOLUTIONS LTD,Mercedes Benz,,,,
MCLAREN GT,109950,2021,2150,TOP 555,McLaren,,,,
MCLAREN GT,109950,2022,5926,ROMANS INTERNATIONAL,McLaren,,,,
MCLAREN P GTR,2350000,2015,230,SUPERVETTURA,McLaren,,,,
MCLAREN SENNA,774990,2024,960,SIMON FURLONGER,McLaren,,,,
MCLAREN LT SPIDER,154950,2020,4000,TOM HARTLEY,McLaren,,,,
MCLAREN P UK SUPPLIED,1499990,2015,3610,SIMON FURLONGER,McLaren,,,,
MCLAREN SENNA GTR XP ROAD LEGAL,1450000,2021,1400,SUB7 COLLECTION LTD,McLaren,,,,
MCLAREN LT,179950,2016,19197,ROMANS INTERNATIONAL,McLaren,,,,
MCLAREN LT,224950,2015,1813,ROMANS INTERNATIONAL,McLaren,,,,
MCLAREN LT,134950,2020,11636,ROMANS INTERNATIONAL,McLaren,,,,
MCLAREN S SPIDER,149950,2020,22925,ROMANS INTERNATIONAL,McLaren,,,,
MCLAREN SENNA,775000,2019,672,ROMANS INTERNATIONAL,McLaren,,,,
MCLAREN LT,239995,2015,306,THE OCTANE COLLECTION,McLaren,,,,
MCLAREN SENNA,749950,2018,1450,JOE MACARI,McLaren,,,,
MCLAREN S V SSG,156990,2019,12500,VAS VEHICLE SOLUTIONS LTD,McLaren,,,,
MCLAREN LT COUPE,194950,2015,8500,TOM HARTLEY,McLaren,,,,
MCLAREN LT SPIDER,219950,2016,5900,TOM HARTLEY,McLaren,,,,
MCLAREN S PERFORMANCE,124950,2019,24000,TOM HARTLEY,McLaren,,,,
MCLAREN ARTURA V PHEV FOR SALE,149995,2024,1572,AMARI SUPERCARS,McLaren,,,,
MERCEDES BENZ SLR MCLAREN ROADSTER,424950,2011,16200,JOE MACARI,Mercedes Benz,,,,
MCLAREN LT COUPE,214950,2015,8500,TOM HARTLEY,McLaren,,,,
MCLAREN LT SPIDER AUTO,224950,2016,19200,TOM HARTLEY,McLaren,,,,
MCLAREN LT SPIDER FOR SALE,229995,2017,11515,AMARI SUPERCARS,McLaren,,,,
MERCEDES BENZ CLK LM LHD,525199,1998,0,JOE MACARI,Mercedes Benz,,,,
MCLAREN S PERFORMANCE,139950,2018,8450,JOE MACARI,McLaren,,,,
MCLAREN S PERFORMANCE SPIDER,189950,2021,5107,ROMANS INTERNATIONAL,McLaren,,,,
MCLAREN P,1350000,2015,1627,ROMANS INTERNATIONAL,McLaren,,,,
MCLAREN GT V FOR SALE,109995,2021,0,AMARI SUPERCARS,McLaren,,,,
MCLAREN LT SPIDER FOR SALE,384995,2022,600,AMARI SUPERCARS,McLaren,,,,
MCLAREN LT SPYDER FOR SALE,379995,2022,2262,AMARI SUPERCARS,McLaren,,,,
KOENIGSEGG CCR,1950000,2005,7800,SUPERVETTURA,Unknown,,,,
MCLAREN LT COUPE APEX COLLECTION ULEZ,157995,2020,4478,SCUDERIA PRESTIGE,McLaren,,,,
MASERATI MC,254950,2022,155,ROMANS INTERNATIONAL,Maserati,,,,
MCLAREN GT V SSG PIONEER SPEC PRACTICALITY AND PREMIUM PACKS SPORT EXHAUST AUTOMATIC DOOR COUPE,126900,2020,4990,GRANGE LAMBORGHINI TUNBRIDGE WELLS,McLaren,,,,
MCLAREN S SPIDER V DR SSG AUTO SPORTS EXHAUST BOWERS AND WILKINS AUTOMATIC CONVERTIBLE AVAILABLE FROM LAMBORGHINI TUNBRIDGE WELLS,121900,2019,3900,GRANGE LAMBORGHINI TUNBRIDGE WELLS,Lamborghini,,,,
MCLAREN SENNA,999950,2019,650,REDLINE SPECIALIST CARS,McLaren,,,,
MCLAREN P V,1300000,2014,1500,TOM HARTLEY,McLaren,,,,
MCLAREN S PERFORMANCE,184950,2021,4259,ROMANS INTERNATIONAL,McLaren,,,,
MCLAREN S LE MANS EDITION FOR SALE,525199,2021,350,AMARI SUPERCARS,McLaren,,,,
MCLAREN LT,139895,2020,9920,THE OCTANE COLLECTION,McLaren,,,,
MCLAREN LT,229995,2015,213,THE OCTANE COLLECTION,McLaren,,,,
MCLAREN S LE MANS EDITION FOR SALE,234995,2015,1813,AMARI SUPERCARS,McLaren,,,,
MCLAREN S SPIDER V SSG BOWERS AND WILKINS SPEAKER AUDIO SPORTS EXHAUST AUTOMATIC DOOR CONVERTIBLE AVAILABLE FROM LAMBORGHINI TUNBRIDGE WELLS,115900,2017,11078,GRANGE LAMBORGHINI TUNBRIDGE WELLS,Lamborghini,,,,
MCLAREN S T V SSG EURO DR,96950,2018,4379,REDLINE SPECIALIST CARS,McLaren,,,,
MCLAREN S SPIDER PERFOMANCE FOR SALE,224995,2020,4672,AMARI SUPERCARS,McLaren,,,,
MCLAREN R,194950,2020,5803,REDLINE SPECIALIST CARS,McLaren,,,,
MERCEDES BENZ MCLAREN SLR FOR SALE,244995,2006,17081,AMARI SUPERCARS,Mercedes Benz,,,,
MCLAREN P GTR,2350000,2015,230,SUPERVETTURA,McLaren,,,,
MCLAREN S SPIDER V SSG MSO ABYSS BLACK PAINT CARBON INTERIOR AND AND VENTS EXTERIOR CARBON AUTOMATIC DOOR CONVERTIBLE AVAILABLE FROM LAMBORGHINI TUNBRIDGE WELLS,182900,2019,12550,GRANGE LAMBORGHINI TUNBRIDGE WELLS,Lamborghini,,,,
MCLAREN GT V SSG PANORAMIC PRIVACY GLASS ROOF SPORTS EXHAUST AUTOMATIC DOOR COUP AVAILABLE FROM LAMBORGHINI TUNBRIDGE WELLS,159900,2022,1950,GRANGE LAMBORGHINI TUNBRIDGE WELLS,Lamborghini,,,,
MCLAREN S V DR SSG SPORTS EXHAUST CARBON FRONT AIR INTAKES CARBON INT PACKS AND AUTOMATIC COUP AVAILABLE FROM LAMBORGHINI TUNBRIDGE WELLS,145900,2018,9650,GRANGE LAMBORGHINI TUNBRIDGE WELLS,Lamborghini,,,,
MCLAREN S SPIDER V SSG SECURITY PACK BOWERS AND WILKINS AUDIO NOSE LIFT AUTOMATIC DOOR CONVERTIBLE AVAILABLE FROM LAMBORGHINI TUNBRIDGE WELLS,112900,2017,9870,GRANGE LAMBORGHINI TUNBRIDGE WELLS,Lamborghini,,,,
BENTLEY BENTAYGA S BY ONYX CONCEPT,1525000,2024,30,DOURADO LUXURY CAR,Bentley,,,,
BENTLEY CONTINENTAL GT V,142950,2021,3190,ROMANS INTERNATIONAL,Bentley,,,,
BENTLEY CONTINENTAL FLEXFUEL GTC SUPERSPORTS,42990,2010,19500,VAS VEHICLE SOLUTIONS LTD,Bentley,,,,
BENTLEY ARNAGE T MULLINER II,44990,2008,32000,SIMON FURLONGER,Bentley,,,,
BENTLEY BENTAYGA V AZURE,525199,2023,5865,ROMANS INTERNATIONAL,Bentley,,,,
BENTLEY FLYING SPUR,104950,2020,19415,JOE MACARI,Bentley,,,,
BENTLEY CONTINENTAL GT MULLINER,525199,2018,10000,TOM HARTLEY,Bentley,,,,
BENTLEY CONTINENTAL GT V URBAN FOR SALE,135995,2021,18501,AMARI SUPERCARS,Bentley,,,,
BENTLEY CONTINENTAL GT V FOR SALE,151995,2022,16088,AMARI SUPERCARS,Bentley,,,,
FERRARI SPIDER F MILES FROM NEW,119990,1998,5500,SIMON FURLONGER,Ferrari,,,,
BENTLEY BENTAYGA V FIRST EDITION,124950,2021,23335,ROMANS INTERNATIONAL,Bentley,,,,
BENTLEY MULSANNE SPEED V,149950,2020,4900,TOM HARTLEY,Bentley,,,,
BENTLEY BENTAYGA V FIRST EDITION,116950,2020,22950,ROMANS INTERNATIONAL,Bentley,,,,
BENTLEY MULSANNE SPEED,525199,2015,32000,TOM HARTLEY,Bentley,,,,
BENTLEY CONTINENTAL W GTC FIRST EDITION,114950,2019,12610,SCUDERIA PRESTIGE,Bentley,,,,
BENTLEY CONTINENTAL GTC V MULLINER,154950,2022,4500,TOM HARTLEY,Bentley,,,,
BENTLEY CONTINENTAL GT SPEED,139995,2021,25308,EUROPEAN PRESTIGE,Bentley,,,,
BENTLEY CONTINENTAL GTC SUPERSPORTS,49950,2011,20370,TOP 555,Bentley,,,,
FERRARI SUPERFAST,1350000,2021,2948,DOURADO LUXURY CAR,Ferrari,,,,
ROLLS ROYCE CULLINAN SERIES II,1950000,2025,53,DOURADO LUXURY CAR,Rolls Royce,,,,
BENTLEY CONTINENTAL W GTC ULEZ,117990,2019,16500,VAS VEHICLE SOLUTIONS LTD,Bentley,,,,
BENTLEY CONTINENTAL W GTC SPEED,151990,2021,17000,VAS VEHICLE SOLUTIONS LTD,Bentley,,,,
BENTLEY CONTINENTAL GTC V MULLINER DRIVING SPECIFICATION,134950,2021,14860,TOP 555,Bentley,,,,
BENTLEY CONTINENTAL W GTC FIRST EDITION,124950,2019,11500,SCUDERIA PRESTIGE,Bentley,,,,
BENTLEY CONTINENTAL GT MULLINER W,89950,2019,19265,TOP 555,Bentley,,,,
BENTLEY BENTAYGA V,126950,2023,8750,TOP 555,Bentley,,,,
BENTLEY CONTINENTAL GT V S COUPE,157950,2023,11750,TOP 555,Bentley,,,,
BENTLEY CONTINENTAL GTC V MULLINER,159950,2022,300,TOM HARTLEY,Bentley,,,,
ROLLS ROYCE CULLINAN BY ONYX CONCEPT,525199,2019,671,DOURADO LUXURY CAR,Rolls Royce,,,,
BENTLEY CONTINENTAL GTC V MULLINER,134950,2021,11000,TOM HARTLEY,Bentley,,,,
BENTLEY CONTINENTAL GT W,99950,2019,17318,ROMANS INTERNATIONAL,Bentley,,,,
BENTLEY CONTINENTAL GTC V MULLINER,134950,2021,11000,TOM HARTLEY,Bentley,,,,
LAMBORGHINI URUS S,1350000,2024,34,DOURADO LUXURY CAR,Lamborghini,,,,
BENTLEY FLYING SPUR V ULEZ,49990,2015,16000,VAS VEHICLE SOLUTIONS LTD,Bentley,,,,
BENTLEY BENTAYGA W MULLINER,54950,2018,58000,TOM HARTLEY,Bentley,,,,
BENTLEY CONTINENTAL W GTC SPEED ULEZ,51990,2015,51000,VAS VEHICLE SOLUTIONS LTD,Bentley,,,,
ROLLS ROYCE CULLINAN SERIES II,2070000,2025,37,DOURADO LUXURY CAR,Rolls Royce,,,,
BENTLEY BENTAYGA S ONYX CONCEPT OF,1575000,2024,66,DOURADO LUXURY CAR,Bentley,,,,
FERRARI SF SPIDER ASSETTO FIORANO PACKAGE,2308000,2022,1837,DOURADO LUXURY CAR,Ferrari,,,,
ROLLS ROYCE CULLINAN ONYX CONCEPT,2450000,2024,40,DOURADO LUXURY CAR,Rolls Royce,,,,
ROLLS ROYCE CULLINAN ONYX CONCEPT,2350000,2024,50,DOURADO LUXURY CAR,Rolls Royce,,,,
ROLLS ROYCE CULLINAN ONYX CONCEPT,2475000,2024,38,DOURADO LUXURY CAR,Rolls Royce,,,,
ROLLS ROYCE CULLINAN BLACK BADGE ONYX CONCEPT,2450000,2023,35,DOURADO LUXURY CAR,Rolls Royce,,,,
ROLLS ROYCE CULLINAN ONYX CONCEPT,2350000,2024,34,DOURADO LUXURY CAR,Rolls Royce,,,,
ROLLS ROYCE DAWN ONYX CONCEPT OF,2700000,2020,3250,DOURADO LUXURY CAR,Rolls Royce,,,,
ROLLS ROYCE DAWN ONYX CONCEPT,2250000,2020,8686,DOURADO LUXURY CAR,Rolls Royce,,,,
ROLLS ROYCE DAWN ONYX CONCEPT,2750000,2022,726,DOURADO LUXURY CAR,Rolls Royce,,,,
ROLLS ROYCE WRAITH ONYX CONCEPT,3000000,2023,111,DOURADO LUXURY CAR,Rolls Royce,,,,
ROLLS ROYCE WRAITH BLACK BADGE ONYX CONCEPT,2150000,2020,9887,DOURADO LUXURY CAR,Rolls Royce,,,,
ROLLS ROYCE WRAITH ONYX CONCEPT,2150000,2020,7535,DOURADO LUXURY CAR,Rolls Royce,,,,
ROLLS ROYCE WRAITH ONYX CONCEPT OF,2150000,2020,5833,DOURADO LUXURY CAR,Rolls Royce,,,,
ROLLS ROYCE CULLINAN BLACK BADGE NOVITEC SPOFEC KIT,2050000,2022,118,DOURADO LUXURY CAR,Rolls Royce,,,,
ROLLS ROYCE CULLINAN BLACK BADGE NOVITEC SPOFEC KIT,2050000,2022,35,DOURADO LUXURY CAR,Rolls Royce,,,,
ROLLS ROYCE PHANTOM EXTENDED,950000,2014,10965,DOURADO LUXURY CAR,Rolls Royce,,,,
ROLLS ROYCE GHOST,860000,2020,4432,DOURADO LUXURY CAR,Rolls Royce,,,,
MERCEDES BENZ AMG GT R PRO,740000,2019,4698,DOURADO LUXURY CAR,Mercedes Benz,,,,
MERCEDES BENZ AMG GT BLACK SERIES LIMITED EDITION,1950000,2022,16,DOURADO LUXURY CAR,Mercedes Benz,,,,
PORSCHE TURBO S CABRIOLET,1100000,2023,65,DOURADO LUXURY CAR,Porsche,,,,
PORSCHE TURBO S CABRIOLET,1100000,31,19,DOURADO LUXURY CAR,Porsche,,,,
PORSCHE CAYENNE TURBO GT COUPE,750000,2023,6,DOURADO LUXURY CAR,Porsche,,,,
PORSCHE CAYENNE TURBO GT COUPE,730000,2023,21,DOURADO LUXURY CAR,Porsche,,,,
PORSCHE GT RS WEISSACH PACKAGE,2065000,2019,66,DOURADO LUXURY CAR,Porsche,,,,
PORSCHE GT RS WEISSACH RS PACKAGE,835000,2019,8641,DOURADO LUXURY CAR,Porsche,,,,
FERRARI GTS,2000000,2022,390,DOURADO LUXURY CAR,Ferrari,,,,
LAMBORGHINI URUS CAPSULE NOVITEC EDITION,1380000,2021,45,DOURADO LUXURY CAR,Lamborghini,,,,
LAMBORGHINI URUS NOVITEC EDITION,1350000,2023,2495,DOURADO LUXURY CAR,Lamborghini,,,,
FERRARI SUPERFAST XX BY ONYX CONCEPT OF,2100000,2022,396,DOURADO LUXURY CAR,Ferrari,,,,
FERRARI GTS XX BY ONYX CONCEPT,2550000,2023,63,DOURADO LUXURY CAR,Ferrari,,,,
FERRARI GTB,1050000,2023,4216,DOURADO LUXURY CAR,Ferrari,,,,
FERRARI GTS,2150000,2022,518,DOURADO LUXURY CAR,Ferrari,,,,
FERRARI GTS,2000000,2022,305,DOURADO LUXURY CAR,Ferrari,,,,
FERRARI GTS,1900000,2022,2059,DOURADO LUXURY CAR,Ferrari,,,,
FERRARI ROMA,1015000,2023,43,DOURADO LUXURY CAR,Ferrari,,,,
FERRARI ROMA,1015000,2022,27,DOURADO LUXURY CAR,Ferrari,,,,
FERRARI PISTA PILOTI OF LIMITED EDITION,3100000,2020,685,DOURADO LUXURY CAR,Ferrari,,,,
FERRARI PISTA SPIDER,2050000,2020,8026,DOURADO LUXURY CAR,Ferrari,,,,
BENTLEY CONTINENTAL GTX III ATHEA BY ONYX CONCEPT OF,1950000,2023,86,DOURADO LUXURY CAR,Bentley,,,,
BENTLEY CONTINENTAL GTX II ONYX CONCEPT,1730000,2024,41,DOURADO LUXURY CAR,Bentley,,,,
BENTLEY CONTINENTAL GTX II ONYX CONCEPT,1650000,2024,32,DOURADO LUXURY CAR,Bentley,,,,
BENTLEY BENTAYGA,1200000,2023,24,DOURADO LUXURY CAR,Bentley,,,,
BENTLEY FLYING SPUR EXPORT PRICE AED,1250000,2023,21,DOURADO LUXURY CAR,Bentley,,,,
BENTLEY CONTINENTAL GTC SPEED,1565000,2023,35,DOURADO LUXURY CAR,Bentley,,,,
BENTLEY CONTINENTAL GTC,1200000,2023,31,DOURADO LUXURY CAR,Bentley,,,,
BENTLEY CONTINENTAL GT SPEED,154995,2021,24305,EUROPEAN PRESTIGE,Bentley,,,,
BENTLEY CONTINENTAL GT SUPERSPORTS W,74950,2017,30000,TOM HARTLEY,Bentley,,,,
BENTLEY CONTINENTAL GTC,49990,2012,45000,VAS VEHICLE SOLUTIONS LTD,Bentley,,,,
BENTLEY CONTINENTAL SUPERSPORTS,89990,2017,26000,VAS VEHICLE SOLUTIONS LTD,Bentley,,,,
BENTLEY BENTAYGA W SPEED,102990,2019,42000,VAS VEHICLE SOLUTIONS LTD,Bentley,,,,
BENTLEY CONTINENTAL GT W,146950,2019,6609,ROMANS INTERNATIONAL,Bentley,,,,
BENTLEY CONTINENTAL GTC W SUPERSPORTS DR AUTO AUTOMATIC CONVERTIBLE AVAILABLE FROM LAMBORGHINI TUNBRIDGE WELLS,132500,2019,17418,GRANGE LAMBORGHINI TUNBRIDGE WELLS,Lamborghini,,,,
BENTLEY CONTINENTAL GT SPEED,61995,2015,40198,THE SUPERCAR ROOMS,Bentley,,,,
BENTLEY CONTINENTAL GT MULLINER,119950,2018,21500,TOM HARTLEY,Bentley,,,,
BENTLEY CONTINENTAL GT FOR SALE,139495,2018,8352,AMARI SUPERCARS,Bentley,,,,
BENTLEY CONTINENTAL GT FOR SALE,139995,2019,9308,AMARI SUPERCARS,Bentley,,,,
BENTLEY CONTINENTAL V GT AUTO WD EURO DR,84950,2016,21456,REDLINE SPECIALIST CARS,Bentley,,,,
BENTLEY CONTINENTAL GT FOR SALE,159995,2019,4276,AMARI SUPERCARS,Bentley,,,,
BENTLEY CONTINENTAL W GTC FIRST EDITION ULEZ,174950,2019,9117,SCUDERIA PRESTIGE,Bentley,,,,
BENTLEY CONTINENTAL GTC V ULEZ,179950,2020,3605,SCUDERIA PRESTIGE,Bentley,,,,
BENTLEY CONTINENTAL V GTC MULLINER ULEZ,184950,2021,12601,SCUDERIA PRESTIGE,Bentley,,,,
BENTLEY CONTINENTAL GT V MULLINER DRIVING SPECIFICATION AUTOMATIC DOOR COUP AVAILABLE FROM LAMBORGHINI TUNBRIDGE WELLS,169000,2021,4470,GRANGE LAMBORGHINI TUNBRIDGE WELLS,Lamborghini,,,,
BENTLEY CONTINENTAL GTC W MULLINER DRIVING SPECIFICATION AUTOMATIC DOOR CONVERTIBLE AVAILABLE FROM LAMBORGHINI TUNBRIDGE WELLS,159995,2020,9179,GRANGE LAMBORGHINI TUNBRIDGE WELLS,Lamborghini,,,,
BENTLEY CONTINENTAL GT W MULLINER DRIVING SPECIFICATION AUTOMATIC DOOR COUP AVAILABLE FROM LAMBORGHINI TUNBRIDGE WELLS,128950,2018,28690,GRANGE LAMBORGHINI TUNBRIDGE WELLS,Lamborghini,,,,
BENTLEY CONTINENTAL GT W MULLINER DRIVING SPECIFICATION WITH BLACK AND POLISHED EDGE ALLOY WHEELS AUTOMATIC DOOR COUP AVAILABLE FROM LAMBORGHINI TUNBRIDGE WELLS,118990,2018,39000,GRANGE LAMBORGHINI TUNBRIDGE WELLS,Lamborghini,,,,
BENTLEY CONTINENTAL GTC V S MULLINER DRIVING SPEC AUTOMATIC DOOR CONVERTIBLE AVAILABLE FROM LAMBORGHINI TUNBRIDGE WELLS,92500,2018,11200,GRANGE LAMBORGHINI TUNBRIDGE WELLS,Lamborghini,,,,
